UnqID,Location,Borough,Functional cycling area
OUTCY379,Summerhouse Lane,Hillingdon,Outer
OUTCY381,Widewater Lock,Hillingdon,Outer
OUTCY271,Broadwater Lane,Hillingdon,Outer
OUTCY370,Cowley Bridge Lock,Hillingdon,Outer
OUTCY060,Colnbrook by-pass,Hillingdon,Outer
OUTCY180,Harvill Road,Hillingdon,Outer
OUTCY161,Rickmansworth Road,Hillingdon,Outer
OUTCY209,Whitehall Road,Hillingdon,Outer
OUTCY434,Grand Union Canal (Trout Road),Hillingdon,Outer
OUTCY440,Little Benty footbridge,Hillingdon,Outer
OUTCY156,High Street West Drayton,Hillingdon,Outer
OUTCY375,North Way,Hillingdon,Outer
QWPCY167,Grand Union Canal (by Horton Bridge),Hillingdon,Outer
OUTCY273,Woodstock Drive,Hillingdon,Outer
OUTCY446,Stockley Country Park,Hillingdon,Outer
OUTCY086,Long Lane,Hillingdon,Outer
OUTCY116,Swakeleys Road,Hillingdon,Outer
QWPCY168,Grand Union Canal (Waterway business park),Hillingdon,Outer
OUTCY441,Bedfont Road (MVF),Hounslow,Outer
OUTCY041,Dawley Road,Hillingdon,Outer
OUTCY203,Sharps Lane,Hillingdon,Outer
OUTCY130,Eastbury Avenue,Hillingdon,Outer
OUTCY093,Green Lane,Hillingdon,Outer
OUTCY272,North Drive,Hillingdon,Outer
OUTCY193,Printing House Lane,Hillingdon,Outer
OUTCY249,Manor Way,Hillingdon,Outer
OUTCY037,Staines Road,Hounslow,Outer
OUTCY159,Botwell Lane,Hillingdon,Outer
OUTCY046,Western Avenue,Hillingdon,Outer
OUTCY033,Uxbridge Road (Wood End),Hillingdon,Outer
OUTCY427,Grand Union Canal (Hayes & Harlington),Hillingdon,Outer
QWPCY169,Grand Union Canal (Hayes & Harlington),Hillingdon,Outer
OUTCY064,West End Road,Hillingdon,Outer
OUTCY179,Victoria Road,Hillingdon,Outer
OUTCY235,Central Avenue,Hillingdon,Outer
OUTCY347,Yeading Gardens,Hillingdon,Outer
OUTCY287,Bessingby Road,Hillingdon,Outer
OUTCY386,Jim O'Neill Walk,Hillingdon,Outer
OUTCY128,Long Drive,Hillingdon,Outer
OUTCY282,Yeading Fork,Hillingdon,Outer
OUTCY357,Durham Road,Hounslow,Outer
QWPCY170,Grand Union Canal (Bankside),Ealing,Outer
OUTCY035,Great West Road,Hounslow,Outer
OUTCY433,Hanworth Park,Hounslow,Outer
QWPCY171,Grand Union Canal (Spikes Bridge moorings),Ealing,Outer
OUTCY343,Canterbury Road,Hounslow,Outer
OUTCY267,Beaconsfield Road,Ealing,Outer
OUTCY155,Vicarage Farm Road,Hounslow,Outer
OUTCY384,Rectory Park,Ealing,Outer
OUTCY092,Ruislip Road,Ealing,Outer
OUTCY081,Wellington Road North,Hounslow,Outer
OUTCY171,Lady Margaret Road,Ealing,Outer
OUTCY369,Grand Union Canal (Ruislip Road),Ealing,Outer
QWPCY172,Grand Union Canal (Ruislip Road),Ealing,Outer
OUTCY444,Grand Union Canal (Norwood Road),Ealing,Outer
OUTCY283,Drake Road,Harrow,#N/A
OUTCY366,North Road,Ealing,Outer
OUTCY359,Priory Road,Richmond upon Thames,Outer
OUTCY293,Avon Road,Ealing,Outer
OUTCY034,Uxbridge Road (Dormer's Wells),Ealing,Outer
QWPCY173,Grand Union Canal (by The Metropolitan Centre),Ealing,Outer
OUTCY382,Newton Farm Ecology Park,Harrow,#N/A
OUTCY356,Argyle Avenue,Hounslow,Outer
OUTCY274,Somervell Road,Harrow,#N/A
OUTCY052,Pinner Road,Harrow,#N/A
OUTCY047,Northolt Road,Ealing,Outer
OUTCY131,Roxeth Green Avenue,Harrow,#N/A
OUTCY204,Wood End,Harrow,#N/A
OUTCY152,High Street Whitton,Richmond upon Thames,Outer
OUTCY080,Greenford Road,Ealing,Outer
OUTCY237,Jubilee Avenue,Richmond upon Thames,Outer
OUTCY435,Brent Valley,Ealing,Outer
OUTCY030,Chertsey Road,Richmond upon Thames,Outer
OUTCY428,River Crane path (Whitton),Richmond upon Thames,Outer
OUTCY374,Harrow Weald Recreation Ground,Harrow,#N/A
CSHCY156,High Street London,Hounslow,Outer
OUTCY275,Weald Lane,Harrow,#N/A
OUTCY385,Perivale Park,Ealing,Outer
QWPCY255,Ruislip Road East,Ealing,Outer
OUTCY195,Hall Road,Hounslow,Outer
QWPCY174,Grand Union Canal (by Oldfield Lane),Ealing,Outer
QWPCY286,Whitefriars Avenue,Harrow,#N/A
OUTCY127,Whitton Road,Richmond upon Thames,Outer
OUTCY449,Glen Walk,Hounslow,Outer
OUTCY358,St. Marks Road,Ealing,Outer
CSHCY155,London Road (Isleworth station),Hounslow,Outer
OUTCY036,London Road (Isleworth station),Hounslow,Outer
OUTCY430,Brent river path (Trumpers Way),Ealing,Outer
OUTCY088,The Bridge,Harrow,#N/A
OUTCY160,Peterborough Road,Harrow,#N/A
OUTCY082,Heath Road,Richmond upon Thames,Outer
QWPCY285,Peel Road,Harrow,#N/A
QWPCY256,B455,Ealing,Outer
OUTCY043,High Street,Richmond upon Thames,Outer
QWPCY209,High Street,Richmond upon Thames,Outer
OUTCY239,Station Road,Richmond upon Thames,Outer
OUTCY243,Elmfield Avenue,Richmond upon Thames,Outer
QWPCY276,Crane Avenue,Hounslow,Outer
OUTCY371,Harrow School playing fields,Harrow,#N/A
QWPCY207,Grand Union Canal (Horsenden Lane),Ealing,Outer
OUTCY117,Argyle Road,Ealing,Outer
QWPCY275,Worple Road,Hounslow,Outer
QWPCY277,Cole Park Road,Richmond upon Thames,Outer
OUTCY280,The Chase,Harrow,#N/A
QWPCY283,Northwick Avenue,Brent,Outer
OUTCY040,Boston Manor Road,Hounslow,Outer
OUTCY054,Watford Road,Brent,Outer
OUTCY103,Syon Lane,Hounslow,Outer
OUTCY087,Whitton Avenue East,Ealing,Outer
CSHCY154,London Road,Hounslow,Outer
OUTCY376,Belmont Trail,Harrow,#N/A
QWPCY284,Elmwood Avenue,Harrow,#N/A
OUTCY244,Northcote Road,Richmond upon Thames,Outer
QWPCY187,High Street (by Landmark Arts Centre),Richmond upon Thames,Outer
QWPCY257,Kent Avenue,Ealing,Outer
QWPCY274,Church Street,Hounslow,Outer
OUTCY242,Mattock Lane,Ealing,Outer
OUTCY063,St Margaret's Road,Richmond upon Thames,Outer
QWPCY258,Montague Road,Ealing,Outer
OUTCY294,The Fairway,Brent,Outer
OUTCY198,Elm Park,Harrow,#N/A
QWPCY188,Riverside Drive,Richmond upon Thames,Outer
OUTCY250,Kingshill Avenue,Harrow,#N/A
OUTCY200,Uppingham Avenue,Harrow,#N/A
QWPCY273,Lime Avenue,Hounslow,Outer
OUTCY426,Thames Path (Twickenham Bridge),Richmond upon Thames,Outer
OUTCY355,Ashburnham Road,Richmond upon Thames,Outer
OUTCY038,Twickenham Road (bridge),Richmond upon Thames,Outer
CSHCY153,High Street,Hounslow,Outer
MHPCY100,Portsmouth Road (south),Kingston upon Thames,Outer
QWPCY259,GoRoadon Road,Ealing,Outer
OUTCY450,Bushy Park Church Grove,Richmond upon Thames,Outer
OUTCY443,Walpole Park,Ealing,Outer
OUTCY175,Bilton Road,Ealing,Outer
OUTCY268,Seymour Road,Richmond upon Thames,Outer
MHPCY073,Portsmouth Road (mid),Kingston upon Thames,Outer
OUTCY276,Woodfield Crescent,Ealing,Outer
OUTCY133,Wemborough Road,Harrow,#N/A
OUTCY201,Hawardene Road,Brent,Outer
OUTCY022,Leatherhead Road,Kingston upon Thames,Outer
OUTCY378,Grand Union Canal (Alperton),Brent,Outer
QWPCY175,Grand Union Canal (Alperton),Brent,Outer
MHPCY104,Kingston Bridge,Kingston upon Thames,Outer
MHPCY079,Riverside Walk (south),Kingston upon Thames,Outer
MHPCY099,Bucklands Wharf,Kingston upon Thames,Outer
OUTCY448,Thames Path (Richmond),Richmond upon Thames,Outer
OUTCY451,Thames Path (Lower Ham Road),Kingston upon Thames,Outer
OUTCY021,Richmond Road,Kingston upon Thames,Outer
MHPCY074,Portsmouth Road (north),Kingston upon Thames,Outer
OUTCY363,Mount Park Road,Ealing,Outer
MHPCY098,Down Hall Road,Kingston upon Thames,Outer
MHPCY080,Wood Street,Kingston upon Thames,Outer
QWPCY189,Ham Gate Avenue (east side of Upper Ham Road),Richmond upon Thames,Outer
OUTCY254,Shaftesbury Avenue (Brent),Brent,Outer
OUTCY197,Lynwood Road,Ealing,Outer
MHPCY083,Surbiton Crescent,Kingston upon Thames,Outer
MHPCY076,Penrhyn Road,Kingston upon Thames,Outer
MHPCY084,Claremont Road,Kingston upon Thames,Outer
OUTCY158,Lionel Road North,Hounslow,Outer
OUTCY039,The Mall,Ealing,Outer
MHPCY082,Wheatfield Way,Kingston upon Thames,Outer
OUTCY246,Corfton Road,Ealing,Outer
OUTCY101,Ealing Road,Hounslow,Outer
OUTCY113,St Mark's Hill,Kingston upon Thames,Outer
OUTCY065,High Road,Brent,Outer
MHPCY075,Clarence Street (Kingston station),Kingston upon Thames,Outer
OUTCY205,Grasmere Avenue,Brent,Outer
MHPCY086,Avenue Elmers,Kingston upon Thames,Outer
MHPCY085,St. Mark's Hill,Kingston upon Thames,Outer
MHPCY088,Richmond Road (Kingston station),Kingston upon Thames,Outer
MHPCY081,Old London Road,Kingston upon Thames,Outer
OUTCY124,Queens Road,Richmond upon Thames,Outer
MHPCY077,Ewell Road (north),Kingston upon Thames,Outer
OUTCY352,Cardinal Avenue,Kingston upon Thames,Outer
OUTCY429,Church Fields Recreation Ground,Kingston upon Thames,Outer
MHPCY087,Canbury Park Road,Kingston upon Thames,Outer
CNDCY010,A307 Kew Road (between Stanmore Road and Pagoda Avenue),Richmond upon Thames,Outer
OUTCY153,Madeley Road,Ealing,Outer
OUTCY045,Sheen Road,Richmond upon Thames,Outer
MHPCY101,London Road,Kingston upon Thames,Outer
OUTCY360,Windham Road,Richmond upon Thames,Outer
QWPCY176,Grand Union Canal (by Water Road),Brent,Outer
OUTCY154,Cox Lane,Kingston upon Thames,Outer
CNDCY009,A307 Kew Road (south of Lichfield Road),Richmond upon Thames,Outer
OUTCY059,Gunnersbury Avenue,Ealing,Outer
CSHCY152,Kew Bridge Road,Hounslow,Outer
MHPCY102,London Road (east),Kingston upon Thames,Outer
CSHCY202,Chiswick High Road (railway bridge),Hounslow,Outer
MHPCY078,Ewell Road (south),Kingston upon Thames,Outer
MHPCY092,Cambridge Road,Kingston upon Thames,Outer
OUTCY194,Kings Road,Kingston upon Thames,Outer
QWPCY190,Cycle path (by Ham Cross plantation),Richmond upon Thames,Outer
MHPCY089,Kingston Hill (south),Kingston upon Thames,Outer
OUTCY253,Edgwarebury Lane,Barnet,Outer
OUTCY285,Constable Gardens,Harrow,#N/A
OUTCY372,Grand Union Canal (Abbey Road),Brent,Outer
QWPCY177,Grand Union Canal (Abbey Road),Brent,Outer
OUTCY277,Glengall Road,Barnet,Outer
MHPCY093,Kingston Road (west),Kingston upon Thames,Outer
OUTCY029,Kingston Hill,Kingston upon Thames,Outer
OUTCY132,Abbey Road (Brent),Brent,Outer
MHPCY090,Kingston Hill (mid),Kingston upon Thames,Outer
OUTCY344,Harvard Hill,Hounslow,Outer
OUTCY380,Tokyngton Recreation Ground,Brent,Outer
CSHCY151,Heathfield Terrace,Hounslow,Outer
OUTCY208,Slough Lane,Brent,Outer
MHPCY091,Kingston Hill (north),Kingston upon Thames,Outer
MHPCY097,Kingston Road (mid),Kingston upon Thames,Outer
OUTCY289,Abbots Road,Barnet,Outer
OUTCY079,Horn Lane,Ealing,Outer
OUTCY105,Park Royal Road,Ealing,Outer
OUTCY431,Thames Path (Mortlake),Richmond upon Thames,Outer
OUTCY447,Tolworth Rise (path access),Kingston upon Thames,Outer
OUTCY028,Kingston Road,Kingston upon Thames,Outer
QWPCY191,Cycle path (by polo field),Richmond upon Thames,Outer
QWPCY192,Cycle path (by Pen's Pond Cafe),Richmond upon Thames,Outer
CSHCY150,Western Avenue (Gypsy Corner),Ealing,Outer
OUTCY346,Vernon Road,Richmond upon Thames,Outer
OUTCY085,Blackbird Hill,Brent,Outer
INNCY048,The Vale,Ealing,Outer
OUTCY114,South Parade,Ealing,Outer
OUTCY278,Gloucester Close,Brent,Outer
QWPCY178,Grand Union Canal (Acton Lane),Ealing,Outer
OUTCY292,Kingsmead Avenue,Brent,Outer
OUTCY048,Edgware Road,Barnet,Outer
OUTCY084,Coombe Lane West,Kingston upon Thames,Outer
MHPCY095,The Cut (by rail line),Kingston upon Thames,Outer
MHPCY103,Kingston Vale,Kingston upon Thames,Outer
MHPCY105,Kingston Vale,Kingston upon Thames,Outer
OUTCY348,Staveley Gardens,Hounslow,Outer
INNCY268,The Approach,Ealing,Outer
MHPCY096,Kingston Road (east),Kingston upon Thames,Outer
INNCY207,East Acton Lane,Ealing,Outer
INNCY336,Friars Place Lane,Ealing,Outer
QWPCY193,Roahampton Gate (Richmond Park),Wandsworth,Inner
INNCY397,The Fairway,Ealing,Outer
OUTCY269,Grafton Road,Kingston upon Thames,Outer
OUTCY102,Coombe Road,Kingston upon Thames,Outer
OUTCY032,Robin Hood Way (Kingston by-pass),Kingston upon Thames,Outer
CSHCY143,Chiswick High Road,Hounslow,Outer
OUTCY042,Chiswick High Road,Hounslow,Outer
CSHCY098,Western Avenue (Savoy Circus),Ealing,Outer
CSHCY149,Western Avenue (Savoy Circus),Ealing,Outer
QWPCY206,Grand Union Canal (Old Oak Lane),Hammersmith & Fulham,Inner
OUTCY206,Uphill Road,Barnet,Outer
INNCY324,Valletta Road,Ealing,Outer
QWPCY182,East Acton Station,Hammersmith & Fulham,Inner
INNCY375,Prebend Gardens,Hounslow,Outer
MHPCY094,New Malden to Raynes Park link,Kingston upon Thames,Outer
INNCY506,Cleveland Road,Richmond upon Thames,Outer
INNCY381,Sedgeford Road,Hammersmith & Fulham,Inner
INNCY490,Lowther Road,Richmond upon Thames,Outer
INNCY513,Tangley Grove,Wandsworth,Inner
QWPCY208,Tangley Grove,Wandsworth,Inner
OUTCY365,Frensham Drive,Wandsworth,Inner
INNCY526,Wormwood Scrubs (Baybrook Street),Hammersmith & Fulham,Inner
QWPCY183,Wormwood Scrubs (Baybrook Street),Hammersmith & Fulham,Inner
INNCY103,Roehampton Lane,Wandsworth,Inner
INNCY321,Melville Road,Richmond upon Thames,Outer
CSHCY099,Westway (White City),Hammersmith & Fulham,Inner
CSHCY148,Westway (White City),Hammersmith & Fulham,Inner
OUTCY118,Hammers Lane,Barnet,Outer
INNCY074,Great West Road,Hammersmith & Fulham,Inner
INNCY403,Galloway Road,Hammersmith & Fulham,Inner
INNCY369,Sundew Avenue,Hammersmith & Fulham,Inner
INNCY317,Danebury Avenue,Wandsworth,Inner
QWPCY194,Danebury Avenue,Wandsworth,Inner
OUTCY245,Green Lane Worcester Park,Sutton,Outer
INNCY192,Paddenswick Road,Hammersmith & Fulham,Inner
QWPCY179,Canal Way by Scrubs Lane//Mitre Bridge,Hammersmith & Fulham,Inner
CSHCY142,King Street,Hammersmith & Fulham,Inner
INNCY071,King Street,Hammersmith & Fulham,Inner
INNCY104,Rocks Lane,Richmond upon Thames,Outer
INNCY253,Coningham Road,Hammersmith & Fulham,Inner
INNCY047,Scrubs Lane,Hammersmith & Fulham,Inner
INNCY497,Parkstead Road,Wandsworth,Inner
INNCY036,Kingston Road,Wandsworth,Inner
INNCY368,Australia Road,Hammersmith & Fulham,Inner
QWPCY116,Gladstone Park,Brent,Outer
QWPCY115,Park Avenue North,Brent,Outer
INNCY516,Trinity Church Road,Richmond upon Thames,Outer
INNCY263,Brackenbury Road,Hammersmith & Fulham,Inner
INNCY376,Scott's Road,Hammersmith & Fulham,Inner
INNCY522,Thames Path (North Hammersmith),Hammersmith & Fulham,Inner
QWPCY184,Scrubs Lane (by Mitre Way),Hammersmith & Fulham,Inner
INNCY586,Thames Path (Hammersmith Bridge),Richmond upon Thames,Outer
INNCY073,Hammersmith Bridge Road,Hammersmith & Fulham,Inner
INNCY581,Wimbledon Common (Windmill Road),Merton,Outer
OUTCY265,Colborne Way,Sutton,Outer
CSHCY141,King Street (by the Mall),Hammersmith & Fulham,Inner
OUTCY199,College Road,Brent,Outer
INNCY028,Upper Richmond Road,Wandsworth,Inner
INNCY499,Erpingham Road,Wandsworth,Inner
INNCY049,Goldhawk Road,Hammersmith & Fulham,Inner
OUTCY350,Pepys Road,Merton,Outer
QWPCY041,St. Paul's Avenue,Brent,Outer
INNCY208,South Africa Road,Hammersmith & Fulham,Inner
INNCY203,Lower Richmond Road,Wandsworth,Inner
INNCY311,West Side Common,Merton,Outer
INNCY266,Trussley Road,Hammersmith & Fulham,Inner
INNCY308,Telegraph Road (by Tibbet's Corner),Wandsworth,Inner
QWPCY195,Telegraph Road (by Tibbet's Corner),Wandsworth,Inner
OUTCY053,Edgware Road,Barnet,Outer
INNCY072,Wood Lane,Hammersmith & Fulham,Inner
CSHCY147,Wood Lane,Hammersmith & Fulham,Inner
QWPCY185,Latimer Road (by Latimer Place),Kensington & Chelsea,Inner
INNCY262,Wakeman Road,Brent,Outer
INNCY481,Chartfield Avenue,Wandsworth,Inner
INNCY050,Shepherd's Bush Road,Hammersmith & Fulham,Inner
OUTCY091,Brent Street,Barnet,Outer
OUTCY445,Green Lane,Merton,Outer
INNCY314,Hazlewell Road,Wandsworth,Inner
INNCY319,Winslow Road,Hammersmith & Fulham,Inner
INNCY576,Inner Park Ride,Wandsworth,Inner
INNCY392,Langler Road,Brent,Outer
INNCY027,Parkside High Street,Merton,Outer
INNCY105,Fulham Palace Road,Hammersmith & Fulham,Inner
INNCY583,Tibbet's Corner,Wandsworth,Inner
QWPCY196,Tibbet's Corner,Wandsworth,Inner
INNCY365,Wildcroft Road,Wandsworth,Inner
OUTCY177,Anson Road,Brent,Outer
OUTCY291,Lydford Road,Brent,Outer
CGRCY135,Barbly Road,Kensington & Chelsea,Inner
QWPCY186,Darfield Way,Kensington & Chelsea,Inner
INNCY194,Mortimer Road,Brent,Outer
OUTCY251,Ashford Road,Brent,Outer
CSHCY146,Shepherds Bush station,Hammersmith & Fulham,Inner
INNCY241,Bramley Road,Kensington & Chelsea,Inner
INNCY370,St. Mark's Road,Kensington & Chelsea,Inner
OUTCY432,Whatley Avenue,Merton,Outer
INNCY529,Grand Union Canal (Ladbroke Grove),Kensington & Chelsea,Inner
QWPCY180,Grand Union Canal (Ladbroke Grove),Kensington & Chelsea,Inner
INNCY038,Putney Hill,Wandsworth,Inner
INNCY322,Princes Way,Wandsworth,Inner
OUTCY367,Churston Drive,Merton,Outer
INNCY320,Embankment Putney,Wandsworth,Inner
INNCY112,Harrow Road,Westminster,Central
INNCY031,Lillie Road,Hammersmith & Fulham,Inner
QWPCY040,Chatsworth Road,Brent,Outer
INNCY258,Addison Gardens,Kensington & Chelsea,Inner
INNCY496,Woodlawn Road,Hammersmith & Fulham,Inner
INNCY485,Greyhound Road,Hammersmith & Fulham,Inner
CGRCY136,Queensdale Road,Kensington & Chelsea,Inner
CSHCY140,Hammersmith Road,Hammersmith & Fulham,Inner
INNCY070,Hammersmith Road,Hammersmith & Fulham,Inner
QWPCY197,Beaumont (j/w Linstead Way),Wandsworth,Inner
INNCY393,Sirdar Road,Kensington & Chelsea,Inner
INNCY270,Kensal Road,Kensington & Chelsea,Inner
INNCY329,Blythe Road,Hammersmith & Fulham,Inner
CGRCY141,St. Charles Square ,Kensington & Chelsea,Inner
OUTCY439,The Chase,Merton,Outer
OUTCY241,Cannon Hill Lane,Merton,Outer
INNCY113,Holland Road,Kensington & Chelsea,Inner
OUTCY383,Dollis Brook Walk,Barnet,Outer
INNCY255,Addison Avenue,Kensington & Chelsea,Inner
INNCY249,Munster Road,Hammersmith & Fulham,Inner
CGRCY137,Russell Road,Kensington & Chelsea,Inner
OUTCY266,Henley Avenue,Sutton,Outer
CGRCY139,Port Road,Kensington & Chelsea,Inner
INNCY117,Talgarth Road,Hammersmith & Fulham,Inner
INNCY507,Somerset Road,Merton,Outer
INNCY574,Bishop's Park,Hammersmith & Fulham,Inner
INNCY030,Putney Bridge,Hammersmith & Fulham,Inner
INNCY037,West Hill,Wandsworth,Inner
INNCY228,Salusbury Road,Brent,Outer
OUTCY077,Kingston Road,Merton,Outer
CGRCY160,Clarendon Road,Kensington & Chelsea,Inner
INNCY337,Kingswood Avenue,Brent,Outer
INNCY085,Fulham High Street,Hammersmith & Fulham,Inner
CSHCY085,Hendon Way,Barnet,Outer
INNCY495,Esmon Street,Wandsworth,Inner
INNCY307,Keswick Road,Wandsworth,Inner
INNCY385,Dart Street,Westminster,Central
INNCY366,Sutherland Grove,Wandsworth,Inner
INNCY310,Star Road,Hammersmith & Fulham,Inner
INNCY331,Avonmore Road,Hammersmith & Fulham,Inner
CGRCY140,Napier Road,Kensington & Chelsea,Inner
INNCY168,Ladbroke Grove (south),Kensington & Chelsea,Inner
INNCY313,Ranelagh Gardens,Hammersmith & Fulham,Inner
CGRCY001,Blenheim Crescent,Kensington & Chelsea,Inner
CGRCY157,Abbotsbury Road,Kensington & Chelsea,Inner
INNCY109,Putney Bridge Road,Wandsworth,Inner
INNCY510,Grimston Road,Hammersmith & Fulham,Inner
QWPCY198,Granville Road (west of Merton Road),Wandsworth,Inner
CGRCY161,All Saint’s Road,Kensington & Chelsea,Inner
CSHCY145,Holland Park Avenue,Kensington & Chelsea,Inner
INNCY051,Holland Park Avenue,Kensington & Chelsea,Inner
INNCY597,Augustus Road,Wandsworth,Inner
INNCY328,Ladbroke Road,Kensington & Chelsea,Inner
INNCY504,Lake Road,Merton,Outer
INNCY239,Fernhead Road,Westminster,Central
CGRCY159,Kensington Park Gardens,Kensington & Chelsea,Inner
INNCY053,Kilburn High Road (Brondesbury),Camden,Central
OUTCY236,Wilton Crescent,Merton,Outer
INNCY202,North End Road,Hammersmith & Fulham,Inner
INNCY519,Grand Union Canal (Great Western Road),Westminster,Central
QWPCY205,Grand Union Canal (Great Western Road),Westminster,Central
INNCY384,Holland Park Road,Kensington & Chelsea,Inner
QWPCY107,Queens Road,Merton,Outer
INNCY061,Great Western Road,Westminster,Central
INNCY193,Kensington Park Road,Kensington & Chelsea,Inner
INNCY394,Ladbroke Square,Kensington & Chelsea,Inner
INNCY482,Brookwood Road,Wandsworth,Inner
QWPCY288,South Park Road,Merton,Outer
CSHCY086,Hendon Way Child's Hill,Barnet,Outer
CGRCY138,Holland Walk,Kensington & Chelsea,Inner
INNCY267,Malvern Road,Brent,Outer
CGRCY158,Pembridge Crescent,Kensington & Chelsea,Inner
INNCY512,Santos Road,Wandsworth,Inner
INNCY514,Ackmar Road,Hammersmith & Fulham,Inner
OUTCY252,Beechwood Avenue,Barnet,Outer
QWPCY039,Maygrove Road,Camden,Central
INNCY527,Holland Walk,Kensington & Chelsea,Inner
CSHCY087,Finchley Road (Fortune Green),Camden,Central
INNCY378,Hillgate Street,Kensington & Chelsea,Inner
INNCY052,Kensington High Street,Kensington & Chelsea,Inner
INNCY126,Pembridge Villas,Kensington & Chelsea,Inner
OUTCY442,Collingwood Road Recreation Ground,Sutton,Outer
INNCY402,Marylands Road,Westminster,Central
INNCY069,Warwick Road,Kensington & Chelsea,Inner
QWPCY106,Ashcombe Road,Merton,Outer
INNCY046,Buckhold Road,Wandsworth,Inner
INNCY067,Old Brompton Road,Kensington & Chelsea,Inner
INNCY327,Cambridge Gardens,Brent,Outer
INNCY377,Allen Street,Kensington & Chelsea,Inner
OUTCY354,Worcester Road,Sutton,Outer
INNCY131,Harrow Road,Westminster,Central
INNCY065,Kensington Church Street,Kensington & Chelsea,Inner
INNCY509,Trinity Road,Merton,Outer
INNCY261,Lyncroft Gardens,Camden,Central
INNCY227,Elgin Avenue,Westminster,Central
INNCY054,Kilburn High Road (Kilburn Park),Camden,Central
INNCY305,Ravensbury Road,Merton,Outer
INNCY579,Bell Lane Creek,Wandsworth,Inner
CSHCY144,Notting Hill Gate,Kensington & Chelsea,Inner
INNCY064,Notting Hill Gate,Kensington & Chelsea,Inner
INNCY309,Montague Road,Merton,Outer
INNCY040,Durnsford Road,Merton,Outer
INNCY387,Durham Terrace,Westminster,Central
INNCY404,Fawley Road,Camden,Central
INNCY501,Mount Road,Merton,Outer
INNCY068,Earl's Court Road,Kensington & Chelsea,Inner
INNCY367,Brisbane Avenue,Merton,Outer
INNCY257,Marloes Road,Kensington & Chelsea,Inner
INNCY584,King George's Park,Wandsworth,Inner
QWPCY199,King George's Park,Wandsworth,Inner
OUTCY024,Reigate Avenue,Sutton,Outer
INNCY252,Derry Street,Kensington & Chelsea,Inner
CGRCY125,Westbourne Park Road,Westminster,Central
OUTCY247,Homeland Drive,Sutton,Outer
QWPCY181,Cycle lane (pedestrian/cycle path),Westminster,Central
INNCY045,Fulham Road,Hammersmith & Fulham,Inner
QWPCY108,South Park Road,Merton,Outer
OUTCY100,High Street Sutton,Sutton,Outer
INNCY515,Maxwell Road,Hammersmith & Fulham,Inner
INNCY180,Porchester Road,Westminster,Central
OUTCY178,Squires Lane,Barnet,Outer
CSHCY088,Finchley Road (West Hampstead),Camden,Central
INNCY039,Morden Road,Merton,Outer
OUTCY281,Gloucester Road Barnet,Barnet,Outer
OUTCY027,Morden Road,Merton,Outer
CGRCY005,Kensington Gardens (Palace Avenue entrance),Kensington & Chelsea,Inner
QWPCY269,Buckfast Road,Merton,Outer
CGRCY007,Kensington Gardens (The Broad Walk - north),Westminster,Central
INNCY086,Garratt Lane,Wandsworth,Inner
INNCY363,Bagleys Lane,Hammersmith & Fulham,Inner
INNCY127,Bishop's Bridge Road,Westminster,Central
QWPCY200,Allfarthing (j/w Vermont Road),Wandsworth,Inner
OUTCY151,Benhill Avenue,Sutton,Outer
INNCY029,Wandsworth Bridge,Hammersmith & Fulham,Inner
CSHCY100,Westway (raised section),Westminster,Central
CGRCY008,Porchester Gardens,Westminster,Central
INNCY250,Queens Road,Merton,Outer
OUTCY090,Totteridge Lane,Barnet,Outer
INNCY491,Atheldene Road,Wandsworth,Inner
CGRCY002,Harrington Gardens,Kensington & Chelsea,Inner
INNCY330,Harrington Gardens,Kensington & Chelsea,Inner
INNCY240,West Heath Road,Camden,Central
INNCY042,King's Road,Hammersmith & Fulham,Inner
CSHCY078,Old York Road,Wandsworth,Inner
INNCY577,Brompton Cemetery,Kensington & Chelsea,Inner
QWPCY105,Kohat Road,Merton,Outer
INNCY398,Courtfield Road,Kensington & Chelsea,Inner
INNCY502,Aslett Street,Wandsworth,Inner
QWPCY104,Wandle Way (Earlsfield),Merton,Outer
INNCY264,Boltons Place,Kensington & Chelsea,Inner
INNCY114,Cromwell Road,Kensington & Chelsea,Inner
CGRCY004,Launceston Place,Kensington & Chelsea,Inner
INNCY121,Old Brompton Road,Kensington & Chelsea,Inner
QWPCY109,Wandle Meadow,Merton,Outer
CGRCY006,Broad Walk (Kensington Gardens),Westminster,Central
INNCY520,Broad Walk (Kensington Gardens),Westminster,Central
INNCY191,Palace Gate,Kensington & Chelsea,Inner
QWPCY038,Fairhazel Gardens,Camden,Central
INNCY066,Kensington Road,Westminster,Central
INNCY523,Kensington Gardens (north),Westminster,Central
QWPCY272,Benhill Wood Road,Sutton,Outer
OUTCY163,Long Lane,Barnet,Outer
QWPCY270,Malmesbury Road,Merton,Outer
INNCY304,Lots Road,Kensington & Chelsea,Inner
INNCY500,Norman Road,Merton,Outer
CGRCY122,Blomfield Road,Westminster,Central
OUTCY049,High Road,Barnet,Outer
INNCY108,Merton High Street,Merton,Outer
INNCY525,Hampstead Heath (Spaniards Road),Camden,Central
CSHCY089,Finchley Road station,Camden,Central
QWPCY268,River path,Merton,Outer
OUTCY436,Wandle Way (Windsor Avenue),Merton,Outer
CSHCY101,Westbourne Terrace,Westminster,Central
INNCY390,Marlborough Place,Westminster,Central
QWPCY117,Wandle Meadow Natural Park,Merton,Outer
INNCY334,Devonshire Terrace,Westminster,Central
INNCY391,Elvaston Place,Kensington & Chelsea,Inner
OUTCY438,Morden Hall Park,Merton,Outer
QWPCY103,Magdalen Road,Wandsworth,Inner
INNCY590,Queens Gate,Westminster,Central
INNCY587,Thames Path (Imperial Wharf),Hammersmith & Fulham,Inner
INNCY585,Merton Abbey,Merton,Outer
CGRCY003,Stanhope Gardens,Kensington & Chelsea,Inner
CGRCY009,Hamilton Terrace,Westminster,Central
INNCY251,Hamilton Terrace,Westminster,Central
QWPCY271,Grennell Road,Sutton,Outer
INNCY524,Paddington Canal towpath,Westminster,Central
INNCY484,Gertrude Street,Kensington & Chelsea,Inner
INNCY580,Thames Path (Bridges Court),Wandsworth,Inner
CSHCY079,York Road,Wandsworth,Inner
INNCY123,Edgware Road (Maida Vale),Westminster,Central
INNCY224,Aboyne Road,Wandsworth,Inner
INNCY578,Thames Path (Vicarage Crescent),Wandsworth,Inner
INNCY316,Byegrove Road,Merton,Outer
CSHCY090,Swiss Cottage,Camden,Central
INNCY225,Beaufort Street,Kensington & Chelsea,Inner
INNCY178,Windmill Road,Wandsworth,Inner
CGRCY126,Kensington Gardens (Jubilee Greenway),Westminster,Central
INNCY373,Prince Consort Road,Westminster,Central
INNCY226,Plough Road,Wandsworth,Inner
INNCY209,Circus Road,Westminster,Central
OUTCY162,Margaret Road,Barnet,Outer
INNCY332,Old Church Street,Kensington & Chelsea,Inner
INNCY498,Smallwood Road,Wandsworth,Inner
CGRCY013,Exhibition Road,Westminster,Central
INNCY205,Exhibition Road,Westminster,Central
CSHCY102,Bayswater Road (Lancaster Gate),Westminster,Central
OUTCY174,The Bishop's Avenue,Barnet,Outer
INNCY400,Lodge Road,Westminster,Central
QWPCY037,Ordnande Hill,Westminster,Central
CSHCY106,West Carriage Drive,Westminster,Central
CGRCY014,Dovehouse Street,Kensington & Chelsea,Inner
CSHCY103,West Carriage Drive (south of Victoria Gate),Westminster,Central
CSHCY091,Avenue Road,Camden,Central
INNCY379,Acacia Road,Westminster,Central
INNCY508,Ellerton Road,Wandsworth,Inner
CGRCY010,Penfold Street,Westminster,Central
INNCY102,Trinity Road,Wandsworth,Inner
OUTCY353,Wigmore Road,Sutton,Outer
INNCY386,Radnor Place,Westminster,Central
CGRCY012,Star Street,Westminster,Central
INNCY119,Wellington Road,Westminster,Central
INNCY106,Battersea Rise,Wandsworth,Inner
CGRCY108,Sussex Gardens,Westminster,Central
INNCY060,Sussex Gardens,Westminster,Central
OUTCY290,Upway,Barnet,Outer
INNCY075,Fulham Road,Kensington & Chelsea,Inner
INNCY033,Battersea Bridge Road,Wandsworth,Inner
CSHCY063,High Street Colliers Wood,Merton,Outer
INNCY223,Blackshaw Road,Wandsworth,Inner
INNCY120,Bayswater Road,Westminster,Central
INNCY179,Sydney Street,Kensington & Chelsea,Inner
CGRCY121,Oakley Street,Kensington & Chelsea,Inner
INNCY518,Lilestone Street,Westminster,Central
INNCY401,Glenilla Road,Camden,Central
OUTCY083,London Road,Merton,Outer
INNCY318,Beechcroft Road,Wandsworth,Inner
INNCY041,Falcon Road,Wandsworth,Inner
INNCY389,Rutland Gate,Westminster,Central
INNCY505,Candahar Road,Wandsworth,Inner
INNCY315,Devonshire Road,Merton,Outer
CGRCY025,Grand Union Canal (towpath west),Westminster,Central
INNCY166,Lisson Grove,Westminster,Central
QWPCY220,Ashurst Road,Barnet,Outer
CGRCY011,Old Marylebone Road,Westminster,Central
INNCY486,Coverton Road,Wandsworth,Inner
CGRCY142,Burwood Place,Westminster,Central
INNCY493,Shuttleworth Road,Wandsworth,Inner
INNCY326,Parliament Hill,Camden,Central
CGRCY175,Porchester Place,Westminster,Central
OUTCY176,Church Hill Road,Barnet,Outer
CSHCY105,The Ring (North Carriage Drive),Westminster,Central
INNCY575,Thames Path (Albert Bridge),Wandsworth,Inner
INNCY055,Haverstock Hill,Camden,Central
INNCY589,Wandsworth Common,Wandsworth,Inner
QWPCY102,Wandsworth Common,Wandsworth,Inner
CGRCY023,Harewood Avenue,Westminster,Central
CGRCY143,Harrowby Street,Westminster,Central
OUTCY026,Western Road,Merton,Outer
INNCY034,Albert Bridge Road,Wandsworth,Inner
CSHCY080,Battersea Park Road (Latchmere),Wandsworth,Inner
OUTCY238,Peterborough Road,Sutton,Outer
INNCY177,Bellevue Road,Wandsworth,Inner
CENCY113,Seymour Place,Westminster,Central
CENCY146,Crawford Street (west),Westminster,Central
CGRCY021,Crawford Street (west),Westminster,Central
INNCY124,Edgware Road (Lisson Grove),Westminster,Central
INNCY492,Sellincourt Road,Wandsworth,Inner
INNCY333,Lawn Road,Camden,Central
CGRCY176,George Street (west),Westminster,Central
INNCY371,Lennox Gardens,Kensington & Chelsea,Inner
INNCY079,Park Road,Westminster,Central
CGRCY174,Stanhope Place,Westminster,Central
CGRCY124,Outer Circle (west),Westminster,Central
CSHCY092,Outer Circle (west),Westminster,Central
QWPCY036,Outer Circle (west),Westminster,Central
INNCY077,King's Road (Belgravia),Kensington & Chelsea,Inner
OUTCY255,Twyford Avenue,Haringey,Outer
CGRCY024,Balcombe Street,Westminster,Central
INNCY254,Fellows Road,Camden,Central
INNCY483,Lyveden Road,Merton,Outer
CGRCY019,Wyndham Place,Westminster,Central
INNCY312,Battersea Park (Sun Gate),Wandsworth,Inner
INNCY517,Webbs Road,Wandsworth,Inner
INNCY087,Latchmere Road,Wandsworth,Inner
CGRCY015,St. Leonard's Terrace,Kensington & Chelsea,Inner
CGRCY020,Upper Montague Street,Westminster,Central
INNCY383,Hans Place,Kensington & Chelsea,Inner
CENCY185,Great Cumberland Place,Westminster,Central
CGRCY017,Great Cumberland Place,Westminster,Central
OUTCY061,Pound Street,Sutton,Outer
CSHCY064,Upper Tooting Road,Wandsworth,Inner
OUTCY115,North Street,Sutton,Outer
INNCY165,Southampton Road,Camden,Central
CSHCY107,South Carriage Drive,Westminster,Central
INNCY190,Royal Hospital Road,Kensington & Chelsea,Inner
CENCY186,Montagu Place,Westminster,Central
INNCY238,Prince of Wales Drive,Wandsworth,Inner
QWPCY219,Goldsmith Road,Barnet,Outer
CENCY076,Gloucester Place,Westminster,Central
CGRCY123,Gloucester Place,Westminster,Central
OUTCY089,Cockfosters Road,Enfield,Outer
CGRCY022,Crawford Street (east),Westminster,Central
CENCY116,George Street (east),Westminster,Central
INNCY488,Noyna Road,Wandsworth,Inner
INNCY125,Sloane Street,Kensington & Chelsea,Inner
CGRCY027,Outer Circle (north),Westminster,Central
CSHCY137,Outer Circle (north),Westminster,Central
INNCY259,Maitland Park Road,Camden,Central
CGRCY016,Lowndes Street,Kensington & Chelsea,Inner
INNCY256,Lowndes Street,Kensington & Chelsea,Inner
CGRCY028,Cornwall Terrace,Westminster,Central
CSHCY097,Cornwall Terrace,Westminster,Central
INNCY107,Lavendar Hill,Wandsworth,Inner
CENCY077,Baker Street,Westminster,Central
QWPCY118,Roseneth Road,Wandsworth,Inner
INNCY306,Culvert Road,Wandsworth,Inner
CGRCY026,Grand Union Canal (Regent's Park),Westminster,Central
INNCY521,Grand Union Canal (Regent's Park),Westminster,Central
QWPCY101,Thurleigh Road,Wandsworth,Inner
INNCY043,Chelsea Embankment,Kensington & Chelsea,Inner
INNCY059,Prince Albert Road,Camden,Central
CGRCY018,Fitzhardinge Street,Westminster,Central
CENCY176,Park Street,Westminster,Central
INNCY362,Link Road,Merton,Outer
INNCY206,Highgate West Hill,Camden,Central
CGRCY118,Graham Terrace,Westminster,Central
CENCY064,Wigmore Street,Westminster,Central
INNCY323,Grafton Road,Camden,Central
OUTCY364,Gorringe Park Avenue,Merton,Outer
INNCY128,Park Lane,Westminster,Central
INNCY269,York Gate,Westminster,Central
INNCY169,Grosvenor Crescent,Westminster,Central
CSHCY081,Battersea Park Road (Battersea),Wandsworth,Inner
INNCY044,Clapham Common (north side),Wandsworth,Inner
INNCY176,Rectory Lane,Wandsworth,Inner
CSHCY104,Serpentine Road,Westminster,Central
INNCY181,Gordon House Road,Camden,Central
INNCY494,Forfar Road,Wandsworth,Inner
INNCY182,North Road,Haringey,Outer
CSHCY065,Balham High Road (south),Wandsworth,Inner
CENCY174,Deanery Street,Westminster,Central
INNCY511,Ramsdale Road,Wandsworth,Inner
CENCY110,Thayer Street,Westminster,Central
INNCY528,Hampstead Heath (Gordon House Road),Camden,Central
CGRCY029,Outer Circle (south),Westminster,Central
CSHCY096,Outer Circle (south),Westminster,Central
CSHCY108,Aspley Way (at Hyde Park Corner),Westminster,Central
CENCY192,Duke Street,Westminster,Central
CENCY132,South Audley Street,Westminster,Central
CENCY175,Stanhope Gate,Westminster,Central
INNCY101,Tooting Bec Road,Wandsworth,Inner
OUTCY157,Grosvenor Avenue,Sutton,Outer
CENCY075,Oxford Street (west),Westminster,Central
INNCY115,Marylebone Road,Westminster,Central
CENCY191,Devonshire Street,Westminster,Central
CGRCY032,Devonshire Street,Westminster,Central
OUTCY196,Grove Road,Merton,Outer
OUTCY104,Osidge Lane,Barnet,Outer
INNCY062,Archway Road,Haringey,Outer
CSHCY062,Eccleston Street,Westminster,Central
CENCY145,Welbeck Street,Westminster,Central
CGRCY034,Welbeck Street,Westminster,Central
INNCY167,Ebury Bridge Road,Westminster,Central
INNCY503,Stanley Grove,Wandsworth,Inner
QWPCY086,Alderbrook Road,Wandsworth,Inner
INNCY129,Grosvenor Place,Westminster,Central
CSHCY082,Chelsea Bridge,Westminster,Central
INNCY374,Spring Place,Camden,Central
INNCY487,Wix's Lane,Wandsworth,Inner
CGRCY031,Harley Street,Westminster,Central
CSHCY093,Park Square West,Westminster,Central
CENCY199,Green Park (cycle lane only),Westminster,Central
INNCY078,Chalk Farm Road,Camden,Central
CENCY115,Wimpole Street,Westminster,Central
OUTCY078,London Road,Sutton,Outer
INNCY230,Prince of Wales Road,Camden,Central
QWPCY218,Friern Bridge Retail Park,Barnet,Outer
INNCY229,Ebury Bridge,Westminster,Central
INNCY035,Cedars Road,Lambeth,Central
INNCY388,Dartmouth Park Road,Camden,Central
INNCY076,Buckingham Palace Road,Westminster,Central
INNCY372,Clarence Way,Camden,Central
QWPCY042,Windmill Drive,Wandsworth,Inner
QWPCY226,Orion Road,Barnet,Outer
INNCY265,Croftdown Road,Camden,Central
QWPCY217,Alexandra Road (by Muswell golf course),Haringey,Outer
INNCY335,Chester Road,Camden,Central
CENCY105,New Bond Street,Westminster,Central
CGRCY036,New Bond Street,Westminster,Central
CGRCY035,Harley Street (south),Westminster,Central
CENCY112,Grosvenor Street,Westminster,Central
CGRCY030,Outer Circle (east),Camden,Central
CSHCY157,Outer Circle (east),Camden,Central
CENCY147,Brook Street,Westminster,Central
CENCY131,New Cavendish Street,Westminster,Central
CGRCY033,New Cavendish Street,Westminster,Central
QWPCY084,Clapham Common,Lambeth,Central
INNCY380,Cumberland Place,Camden,Central
INNCY063,Albany Street,Camden,Central
CSHCY094,Park Square East,Camden,Central
INNCY204,Bedford Hill,Wandsworth,Inner
CENCY143,Constitution Hill,Westminster,Central
CSHCY109,Constitution Hill,Westminster,Central
CSHCY066,Balham Hill,Wandsworth,Inner
OUTCY288,Muswell Road,Haringey,Outer
INNCY395,Cumberland Street,Westminster,Central
CENCY071,Portland Place,Westminster,Central
CSHCY095,Portland Place,Westminster,Central
CGRCY075,Delancy Street,Camden,Central
INNCY582,Tooting Bec Athletics Track,Wandsworth,Inner
CGRCY037,Bruton Lane,Westminster,Central
CGRCY070,Carburton Street,Westminster,Central
CNDCY008,Grosvenor Road,Haringey,Outer
CENCY078,Piccadilly,Westminster,Central
CENCY021,Buckingham Palace Road,Westminster,Central
QWPCY087,Cavendish Road,Wandsworth,Inner
QWPCY122,Clapham Common,Lambeth,Central
INNCY260,Northwood Road,Haringey,Outer
INNCY056,Kentish Town Road,Camden,Central
INNCY271,Park Village East,Camden,Central
QWPCY088,Tooting Bec Common (south),Wandsworth,Inner
CENCY135,Berkeley Street,Westminster,Central
CGRCY038,Berkeley Street,Westminster,Central
INNCY396,Milton Park,Haringey,Outer
CENCY063,Regent Street,Westminster,Central
CGRCY074,Mornington Crescent,Camden,Central
CENCY178,Carlisle Place,Westminster,Central
INNCY591,Leighton Road,Camden,Central
INNCY361,Stewart's Road,Wandsworth,Inner
CGRCY144,Pratt Street,Camden,Central
QWPCY081,Tooting Bec Common (north),Wandsworth,Inner
CSHCY067,Clapham Common (south side),Lambeth,Central
INNCY399,Wilmot Place,Camden,Central
QWPCY123,Tooting Bec Common,Wandsworth,Inner
CGRCY171,Cleveland Street (north),Camden,Central
INNCY489,Klea Avenue,Lambeth,Central
INNCY032,Battersea Park Road,Wandsworth,Inner
QWPCY085,Cavendish Road South Circular,Lambeth,Central
INNCY111,Junction Road,Islington,Inner
CNDCY007,Grove Avenue,Haringey,Outer
CGRCY073,Hampstead Road,Camden,Central
INNCY057,Hampstead Road,Camden,Central
QWPCY083,Clapham Old Town,Lambeth,Central
INNCY382,Lady Margaret Road,Camden,Central
QWPCY089,Tooting Bec Road,Wandsworth,Inner
CENCY162,Fitzroy Street,Camden,Central
CGRCY039,Queen's Walk,Westminster,Central
INNCY088,Mitcham Lane,Wandsworth,Inner
CGRCY069,Maple Street,Camden,Central
QWPCY216,Dukes Avenue,Haringey,Outer
CGRCY068,Howland Street,Camden,Central
OUTCY279,Old Farm Avenue,Enfield,Outer
CGRCY172,Cleveland Street (south),Westminster,Central
OUTCY062,Woodcote Road,Sutton,Outer
INNCY110,Poynders Road,Lambeth,Central
CENCY196,Poland Street,Westminster,Central
QWPCY121,Bromell's  Road,Lambeth,Central
CENCY059,Tottenham Court Road (north),Camden,Central
CGRCY071,Tottenham Court Road (north),Camden,Central
INNCY364,Brayburne Avenue,Lambeth,Central
CENCY189,Berners Street,Westminster,Central
CGRCY067,Berners Street,Westminster,Central
CENCY177,Marlborough Road,Westminster,Central
CGRCY076,Royal College Street,Camden,Central
CENCY065,Mortimer Street,Westminster,Central
OUTCY051,Bramley Road,Enfield,Outer
CENCY139,The Mall,Westminster,Central
CGRCY040,The Mall,Westminster,Central
CENCY163,Emery Hill Street,Westminster,Central
CSHCY056,Belgrave Road,Westminster,Central
CSHCY083,Grosvenor Road,Westminster,Central
CGRCY173,Newman Street,Westminster,Central
INNCY122,Camden Road,Camden,Central
CENCY141,Petty France,Westminster,Central
INNCY058,Eversholt Street,Camden,Central
CENCY109,Buckingham Gate,Westminster,Central
INNCY325,Sandall Road,Camden,Central
CENCY061,Oxford Street (east),Westminster,Central
CFRCY024,Stratford Villas,Camden,Central
CENCY020,Pall Mall,Westminster,Central
INNCY130,Brecknock Road,Camden,Central
QWPCY082,Larkhall Lane,Lambeth,Central
INNCY588,Tooting Bec Common,Wandsworth,Inner
CENCY119,Torrington Place,Camden,Central
CGRCY063,Torrington Place,Camden,Central
INNCY352,Radbourne Road,Lambeth,Central
CENCY134,Wardour Street,Westminster,Central
CGRCY066,Wardour Street,Westminster,Central
QWPCY090,Riggindale Road,Lambeth,Central
INNCY116,Vauxhall Bridge Road,Westminster,Central
QWPCY091,Potters Lane,Lambeth,Central
INNCY472,Babington Road,Lambeth,Central
CENCY701,Regent Street,Westminster,Central
INNCY284,Goldington Crescent,Camden,Central
CENCY142,Birdcage Walk,Westminster,Central
CSHCY110,Birdcage Walk,Westminster,Central
INNCY237,Emmanuel Road,Lambeth,Central
OUTCY094,Durnsford Road,Haringey,Outer
CENCY060,Tottenham Court Road (south),Camden,Central
CGRCY057,Tottenham Court Road (south),Camden,Central
INNCY343,Fairbridge Road,Islington,Inner
CENCY167,Gordon Square,Camden,Central
CENCY702,Haymarket,Westminster,Central
CENCY072,Shaftesbury Avenue,Westminster,Central
INNCY118,Holloway Road,Islington,Inner
INNCY467,Union Grove,Lambeth,Central
INNCY272,Dalmeny Road,Islington,Inner
CENCY160,Old Compton Street,Westminster,Central
CGRCY077,Pancras Road,Camden,Central
CGRCY051,Whitcomb Street,Westminster,Central
OUTCY270,Stanford Road,Merton,Outer
CGRCY052,Gordon Square,Camden,Central
CSHCY138,Vauxhall Bridge Road,Westminster,Central
INNCY437,Chalton Street,Camden,Central
CENCY062,Charing Cross Road,Camden,Central
INNCY157,Camden Road,Islington,Inner
CENCY108,Montague Place,Camden,Central
CGRCY058,Montague Place,Camden,Central
OUTCY134,Winchmore Hill Road,Enfield,Outer
CENCY018,Victoria Street,Westminster,Central
CENCY106,Great Smith Street (north of Little Smith Street),Westminster,Central
OUTCY031,Croydon Road,Sutton,Outer
CGRCY047,Great Smith Street (south of Little Smith Street),Westminster,Central
CENCY073,Tavistock Square (A4200),Camden,Central
CGRCY120,Horse Guards Road,Westminster,Central
CSHCY068,Clapham High Street,Lambeth,Central
CENCY120,Mabledon Place,Camden,Central
CGRCY043,Marsham Street,Westminster,Central
OUTCY362,Conway Gardens,Merton,Outer
CENCY058,Bloomsbury Street,Camden,Central
CGRCY056,Bloomsbury Street,Camden,Central
CENCY009,Charing Cross Road,Westminster,Central
CGRCY083,Midland Road,Camden,Central
INNCY199,Kings Avenue,Lambeth,Central
INNCY231,Hazellville Road,Islington,Inner
OUTCY172,South Lodge Avenue,Merton,Outer
OUTCY066,The Bourne,Enfield,Outer
CGRCY044,Horseferry Road (west of Tufton Street),Westminster,Central
QWPCY092,Ellison Road,Lambeth,Central
CENCY190,Hastings Street,Camden,Central
OUTCY361,Natal Road,Lambeth,Central
CENCY098,Horseferry Road (east of Tufton Street),Westminster,Central
INNCY006,Hornsey Rise,Islington,Inner
INNCY593,Market Road,Islington,Inner
CGRCY072,Tavistock Place,Camden,Central
CENCY144,Garrick Street,Westminster,Central
CSHCY055,Vauxhall Bridge,Westminster,Central
INNCY090,Wandsworth Road,Lambeth,Central
INNCY428,Cornwallis Road,Islington,Inner
CENCY117,Montague Street,Camden,Central
OUTCY126,Plough Lane Wallington,Sutton,Outer
INNCY187,Sternhold Avenue,Lambeth,Central
CENCY011,Whitehall (south of Horse Guards Avenue),Westminster,Central
INNCY451,Kingscourt Road,Lambeth,Central
CGRCY065,Judd Street,Camden,Central
CSHCY158,Judd Street,Camden,Central
OUTCY192,Coomber Lane,Sutton,Outer
CENCY022,Northumberland Avenue,Westminster,Central
INNCY465,Mayflower Road,Lambeth,Central
INNCY289,Pendennis Road,Lambeth,Central
OUTCY373,Alexandra Park,Haringey,Outer
CENCY015,Millbank (north of Great Peter Street),Westminster,Central
CSHCY069,Clapham Road Stockwell,Lambeth,Central
INNCY462,Blairderry Road,Lambeth,Central
INNCY015,Streatham High Road,Lambeth,Central
QWPCY100,Lansdowne,Lambeth,Central
CFRCY023,Hungerford Road,Islington,Inner
CENCY019,Bridge Street,Westminster,Central
CSHCY111,Bridge Street,Westminster,Central
CENCY001,Millbank (south of Thorney Street),Westminster,Central
CSHCY084,Millbank (south of Thorney Street),Westminster,Central
CGRCY053,Endell Street,Westminster,Central
CENCY057,Southampton Row,Camden,Central
CENCY173,Horse Guards Avenue,Westminster,Central
INNCY348,Lyham Road,Lambeth,Central
CENCY056,Bloomsbury Way,Camden,Central
CGRCY054,Bloomsbury Way,Camden,Central
CENCY102,Hunter Street,Camden,Central
CGRCY062,Hunter Street,Camden,Central
OUTCY248,Streatham Common South,Lambeth,Central
INNCY007,York Way,Islington,Inner
CENCY014,Victoria Embankment (between Derby Gate and Westminster Bridge),Westminster,Central
CSHCY112,Victoria Embankment (between Derby Gate and Westminster Bridge),Westminster,Central
CSHCY129,York Way,Camden,Central
QWPCY080,South Lambeth Road,Lambeth,Central
INNCY302,Lambert Road,Lambeth,Central
CENCY008,Strand,Westminster,Central
INNCY235,Leigham Court Road,Lambeth,Central
INNCY558,Grand Union towpath (York Way),Islington,Inner
INNCY355,Telford Avenue,Lambeth,Central
INNCY244,North Road,Islington,Inner
CENCY016,Lambeth Bridge,Westminster,Central
CENCY114,Regent Square,Camden,Central
CGRCY064,Regent Square,Camden,Central
CGRCY169,Bow Street,Westminster,Central
CGRCY170,Brunswick Square,Camden,Central
QWPCY215,Newland Road,Haringey,Outer
CGRCY060,Guilford Street,Camden,Central
QWPCY035,Guilford Street,Camden,Central
INNCY019,South Lambeth Road,Lambeth,Central
CENCY118,Drury Lane,Westminster,Central
CENCY103,Great Queen Street,Camden,Central
CSHCY053,South Lambeth Road (at Vauxhall),Lambeth,Central
QWPCY079,South Lambeth Road (at Vauxhall),Lambeth,Central
CENCY007,Albert Embankment (south of Salamanca Street),Lambeth,Central
CENCY184,Great Ormond Street,Camden,Central
INNCY172,Copenhagen Street,Islington,Inner
QWPCY222,Nightingale Gardens ,Haringey,Outer
INNCY290,Aldebert Terrace,Lambeth,Central
QWPCY120,Aldebert Terrace,Lambeth,Central
CSHCY128,Grays Inn Road,Camden,Central
CENCY013,Victoria Embankment (by Cleopatra's Needle),Westminster,Central
CSHCY113,Victoria Embankment (by Cleopatra's Needle),Westminster,Central
CSHCY135,Harleyford Road (2),Lambeth,Central
QWPCY128,Harleyford Road (2),Lambeth,Central
CENCY198,Riverside Walk (Albert Embankment),Lambeth,Central
CENCY209,Sidmouth Square,Camden,Central
CSHCY139,Sidmouth Square,Camden,Central
CENCY012,Westminster Bridge,Lambeth,Central
INNCY139,Crouch Hill,Islington,Inner
OUTCY025,Brighton Road,Croydon,Outer
QWPCY225,Glebe Road,Haringey,Outer
CENCY054,Kingsway,Camden,Central
CGRCY177,Savoy Street,Westminster,Central
CSHCY054,Kennington Lane,Lambeth,Central
INNCY358,Landor Road,Lambeth,Central
QWPCY221,New River Path (south of Western Road),Haringey,Outer
CENCY148,Lambs Conduit Street,Camden,Central
CGRCY059,Lambs Conduit Street,Camden,Central
INNCY084,Acre Lane,Lambeth,Central
CENCY164,Lambeth High Street,Lambeth,Central
CGRCY045,Lambeth High Street,Lambeth,Central
QWPCY223,Palmestron Road,Haringey,Outer
OUTCY437,Bridle Path,Sutton,Outer
CGRCY041,Vauxhall Walk,Lambeth,Central
QWPCY078,Vauxhall Walk,Lambeth,Central
INNCY133,Caledonian Road,Islington,Inner
CENCY055,Aldwych,Westminster,Central
INNCY479,Sunnyhill Road,Lambeth,Central
CENCY188,Eagle Street,Camden,Central
CENCY187,Princeton Street,Camden,Central
QWPCY119,Meadow Road,Lambeth,Central
CENCY052,Theobald's Road,Camden,Central
CGRCY061,Theobald's Road,Camden,Central
CGRCY042,Black Prince Road (west of Lambeth Walk),Lambeth,Central
CENCY074,Grays Inn Road (north),Camden,Central
CENCY140,Belvedere Road,Lambeth,Central
CGRCY049,Belvedere Road,Lambeth,Central
INNCY407,Piper Close,Islington,Inner
INNCY436,Mayton Street,Islington,Inner
INNCY016,Brixton Hill,Lambeth,Central
CGRCY046,Newport Street,Lambeth,Central
QWPCY077,Newport Street,Lambeth,Central
CENCY017,Waterloo Bridge,Lambeth,Central
CGRCY050,Waterloo Bridge,Lambeth,Central
CSHCY052,Harleyford Road (Kennington Oval),Lambeth,Central
QWPCY127,Harleyford Road (Kennington Oval),Lambeth,Central
CENCY010,Lambeth Palace Road,Lambeth,Central
INNCY408,Matilda Street,Islington,Inner
INNCY018,Stockwell Road,Lambeth,Central
CENCY138,Black Prince Road (east of Gibson Street),Lambeth,Central
OUTCY345,Grovelands Road,Croydon,Outer
INNCY218,Brixton Water Lane,Lambeth,Central
CENCY079,York Road,Lambeth,Central
INNCY480,Richborne Terrace,Lambeth,Central
CENCY051,Strand (west),Westminster,Central
INNCY349,Ferndale Road,Lambeth,Central
CSHCY070,Clapham Road Oval,Lambeth,Central
CENCY207,Pakenham Street,Camden,Central
CSHCY127,Pakenham Street,Camden,Central
INNCY242,Tollington Park,Islington,Inner
OUTCY023,London Road,Croydon,Outer
CENCY104,Calthorpe Street,Camden,Central
CGRCY080,Calthorpe Street,Camden,Central
QWPCY034,Calthorpe Street,Camden,Central
CENCY172,Temple Place,Westminster,Central
CENCY197,Juxton Street,Lambeth,Central
CGRCY153,Vauxhall Street,Lambeth,Central
CENCY042,High Holborn,Camden,Central
INNCY420,Florence Road,Haringey,Outer
INNCY291,Leigham Vale,Lambeth,Central
CENCY169,Carlisle Street,Lambeth,Central
CGRCY048,Carlisle Street,Lambeth,Central
CENCY096,King's Cross Road,Camden,Central
CGRCY155,Sancroft Street,Lambeth,Central
INNCY299,Leander Road,Lambeth,Central
CENCY183,Arundel Street,Westminster,Central
OUTCY050,High Road,Haringey,Outer
CFRCY021,Seven Sisters Road,Islington,Inner
CENCY024,Lambeth Road,Lambeth,Central
INNCY093,Christchurch Road,Lambeth,Central
QWPCY278,Hillside Road,Lambeth,Central
CENCY161,Lloyd Baker Street,Islington,Inner
CGRCY079,Lloyd Baker Street,Islington,Inner
MHPCY064,Enfield Road,Enfield,Outer
OUTCY125,Coulsdon Road,Croydon,Outer
CENCY026,Westminster Bridge Road,Lambeth,Central
CENCY156,Carey Street,Camden,Central
CENCY149,Upper Ground,Lambeth,Central
CGRCY082,Upper Ground,Lambeth,Central
QWPCY001,Upper Ground,Lambeth,Central
CGRCY084,Mepham Street,Lambeth,Central
INNCY477,Athlone Road,Lambeth,Central
INNCY154,Pentonville Road,Islington,Inner
CENCY093,Grays Inn Road (south),Camden,Central
INNCY346,Moray Road,Islington,Inner
INNCY459,Mervan Road,Lambeth,Central
CFRCY022,Isledon Road,Islington,Inner
CENCY151,Hercules Road,Lambeth,Central
CGRCY089,Hercules Road,Lambeth,Central
QWPCY076,Hercules Road,Lambeth,Central
CENCY171,Lambeth Walk,Lambeth,Central
CENCY046,Rosebery Avenue (south),Camden,Central
OUTCY351,Goldwell Road,Croydon,Outer
CENCY045,Strand (east),Westminster,Central
INNCY210,Barnsbury Road,Islington,Inner
QWPCY211,Barnsbury Road,Islington,Inner
OUTCY284,Gladstone Avenue,Haringey,Outer
INNCY470,Hillyard Street,Lambeth,Central
CENCY121,Claremont Square,Islington,Inner
QWPCY210,Claremont Square,Islington,Inner
INNCY416,Lennox Road,Islington,Inner
MHPCY038,Green Lanes (south),Enfield,Outer
CENCY023,Kennington Road (north),Lambeth,Central
QWPCY224,Madras Place,Islington,Inner
INNCY017,Brixton Road,Lambeth,Central
CENCY154,Cornwall Road (north),Lambeth,Central
CGRCY085,Cornwall Road (north),Lambeth,Central
QWPCY002,Cornwall Road (north),Lambeth,Central
INNCY095,Tulse Hill,Lambeth,Central
INNCY138,Holloway Road,Islington,Inner
QWPCY214,Oakfields Road (j/w Endymion Road),Haringey,Outer
CGRCY088,Baylis Road,Lambeth,Central
QWPCY075,Baylis Road,Lambeth,Central
CENCY080,Stamford Street,Lambeth,Central
CGRCY078,River Street,Islington,Inner
QWPCY033,River Street,Islington,Inner
CENCY206,Warner Street,Islington,Inner
CSHCY126,Warner Street,Islington,Inner
CENCY025,Kennington Road (south of Brook Drive),Lambeth,Central
CSHCY071,Kennington Park Road,Lambeth,Central
CENCY043,Holborn,City of London,Central
CENCY047,Clerkenwell Road (west),Camden,Central
CGRCY081,Clerkenwell Road (west),Camden,Central
CENCY029,Temple,City of London,Central
CSHCY114,Temple,City of London,Central
CGRCY162,Amwell Street,Islington,Inner
INNCY572,Brockwell Park,Lambeth,Central
CENCY067,Fetter Lane,City of London,Central
CGRCY086,Cornwall Road (south),Lambeth,Central
INNCY415,Stonefield Street,Islington,Inner
INNCY200,Atlantic Road,Lambeth,Central
INNCY531,Finsbury Park (Oxford Road entrance),Haringey,Outer
CENCY036,Lambeth Road (west of St. George's Road),Southwark,Central
INNCY538,Gillespie Park,Islington,Inner
INNCY004,Seven Sisters Road (Finsbury Park),Islington,Inner
CGRCY154,Ravensdon Street,Lambeth,Central
CENCY170,Roupell Street,Lambeth,Central
CGRCY087,Webber Street (west),Lambeth,Central
QWPCY013,Webber Street (west),Lambeth,Central
CENCY182,Saffron Hill,Camden,Central
CSHCY125,Saffron Hill,Camden,Central
INNCY196,Liverpool Road,Islington,Inner
CENCY193,Temple Avenue,City of London,Central
INNCY012,Dulwich Road,Lambeth,Central
CENCY068,Rosebery Avenue (north),Islington,Inner
INNCY406,Gibson Square,Islington,Inner
CGRCY134,Roupell Street,Lambeth,Central
QWPCY093,Norbury Avenue,Croydon,Outer
INNCY275,Highbury Hill,Islington,Inner
INNCY021,Kennigton Lane,Lambeth,Central
CENCY027,Waterloo Road,Southwark,Central
INNCY212,Drayton Park,Islington,Inner
QWPCY212,Drayton Park,Islington,Inner
CENCY181,Greville Street,Camden,Central
QWPCY279,Trinity Rise,Lambeth,Central
CENCY099,The Cut,Lambeth,Central
OUTCY349,Cooper Road,Croydon,Outer
INNCY464,Cleaver Square,Lambeth,Central
CENCY168,Turnmill Street,Islington,Inner
QWPCY213,Finsbury Park (at the gate),Haringey,Outer
CENCY180,Myddelton Street,Islington,Inner
INNCY561,Kennington Park,Lambeth,Central
QWPCY227,Kennington Park,Lambeth,Central
OUTCY202,Salisbury Road,Haringey,Outer
CENCY195,Sullivan Row,Lambeth,Central
CENCY128,Fleet Street,City of London,Central
CENCY066,Farringdon Road (near station),Camden,Central
CSHCY136,Farringdon Road (near station),Islington,Inner
QWPCY044,Meymott Street,Southwark,Central
INNCY541,Highbury Fields,Islington,Inner
CENCY204,St. George's Road,Southwark,Central
CSHCY118,St. George's Road,Southwark,Central
INNCY596,Akerman Road,Lambeth,Central
CENCY136,Snow Hill (West Smithfield),City of London,Central
CENCY049,Farringdon Street,City of London,Central
CSHCY124,Farringdon Street,City of London,Central
INNCY456,St. James's Crescent,Lambeth,Central
CENCY205,Lambeth Road,Southwark,Central
CSHCY119,Lambeth Road,Southwark,Central
OUTCY207,Ringwood Way,Enfield,Outer
CENCY030,Blackfriars Bridge,City of London,Central
CSHCY122,Blackfriars Bridge,City of London,Central
OUTCY286,Culloden Road,Enfield,Outer
CENCY044,New Bridge Street,City of London,Central
CSHCY123,New Bridge Street,City of London,Central
CGRCY101,Colebrooke Row,Islington,Inner
QWPCY032,Colebrooke Row,Islington,Inner
CENCY028,Blackfriars Road (Southwark station),Southwark,Central
CSHCY121,Blackfriars Road (Southwark station),Southwark,Central
CENCY040,Blackfriars Road,Southwark,Central
CSHCY120,Blackfriars Road,Southwark,Central
INNCY453,York Hill,Lambeth,Central
INNCY570,Myatt's Fields,Lambeth,Central
INNCY147,Upper Street,Islington,Inner
MHPCY039,Green Lanes (mid),Enfield,Outer
CENCY035,Southwark Street,Southwark,Central
INNCY347,Barrington Road,Lambeth,Central
CENCY101,St. John Street,Islington,Inner
INNCY471,Deronda Road,Lambeth,Central
CENCY125,Charterhouse Street,Islington,Inner
INNCY341,St. Peter's Street,Islington,Inner
INNCY099,Norwood Road,Lambeth,Central
QWPCY097,Parsons Mead,Croydon,Outer
INNCY295,John Ruskin Street,Southwark,Central
QWPCY204,John Ruskin Street,Southwark,Central
OUTCY129,Lavender Hill,Enfield,Outer
CENCY088,Clerkenwell Road (east),Islington,Inner
CGRCY098,Clerkenwell Road (east),Islington,Inner
INNCY357,St. Julian's Farm Road,Lambeth,Central
INNCY159,Essex Road (Islington),Islington,Inner
CGRCY163,Percival Street,Islington,Inner
CENCY041,Newgate Street,City of London,Central
CENCY034,London Road,Southwark,Central
CENCY137,Churchyard Row,Southwark,Central
CSHCY073,Churchyard Row,Southwark,Central
CSHCY072,Newington Butts,Southwark,Central
INNCY468,Thornlaw Road,Lambeth,Central
CENCY208,Princess Street,Southwark,Central
CSHCY130,Princess Street,Southwark,Central
CENCY037,Borough Road,Southwark,Central
CGRCY156,Borough Road,Southwark,Central
CGRCY093,Great Suffolk Street (north),Southwark,Central
QWPCY045,Great Suffolk Street (north),Southwark,Central
CSHCY051,Camberwell New Road,Southwark,Central
CENCY152,Webber Street (east),Southwark,Central
CGRCY090,Webber Street (east),Southwark,Central
QWPCY003,Webber Street (east),Southwark,Central
INNCY422,Hawes Street,Islington,Inner
INNCY189,Milkwood Road,Lambeth,Central
CGRCY164,Lever Street,Islington,Inner
INNCY427,Wilberforce Road,Hackney,Inner
INNCY296,Fawnbrake Avenue,Lambeth,Central
INNCY431,Riversdale Road,Islington,Inner
INNCY080,Highbury Grove,Islington,Inner
CENCY090,Goswell Road (north),Islington,Inner
QWPCY096,Kimberley Road,Croydon,Outer
CENCY202,Southwark Bridge Road (south),Southwark,Central
CSHCY074,Southwark Bridge Road (south),Southwark,Central
QWPCY048,Southwark Bridge Road (south),Southwark,Central
CGRCY102,Long Lane,City of London,Central
QWPCY049,Rockingham Street,Southwark,Central
CENCY150,Sumner Steet,Southwark,Central
INNCY457,Paulet Road,Lambeth,Central
CENCY004,Southwark Bridge Road,Southwark,Central
CSHCY075,Southwark Bridge Road,Southwark,Central
QWPCY047,Southwark Bridge Road,Southwark,Central
INNCY248,Herne Hill Road,Lambeth,Central
INNCY024,Norwood Road,Southwark,Central
INNCY594,Grange Grove,Islington,Inner
CENCY085,Newington Causeway,Southwark,Central
INNCY458,Peabody Estate,Lambeth,Central
MHPCY040,Green Lanes (north),Enfield,Outer
INNCY158,Canonbury Road,Islington,Inner
CENCY069,Goswell Road (south),Islington,Inner
QWPCY280,Rosendale Road,Lambeth,Central
CENCY124,Central Street,Islington,Inner
INNCY444,Amelia Street,Southwark,Central
QWPCY129,Prebend Street,Islington,Inner
INNCY134,City Road,Islington,Inner
CGRCY165,Lever Street,Islington,Inner
QWPCY094,Boswell Road,Croydon,Outer
CENCY123,Cannon Street,City of London,Central
CGRCY094,Union Street,Southwark,Central
INNCY354,Manor Place,Southwark,Central
CGRCY091,Great Suffolk Street (south),Southwark,Central
QWPCY004,Great Suffolk Street (south),Southwark,Central
QWPCY203,Bethwin Road,Southwark,Central
MHPCY065,Windmill Hill,Enfield,Outer
INNCY360,Auckland Hill,Lambeth,Central
INNCY353,Poplar Walk,Lambeth,Central
INNCY022,New Kent Road,Southwark,Central
INNCY555,Grand Regent's Canal (Shepherdes),Hackney,Inner
CENCY006,Southwark Bridge Road (north - between Flat Iron Square and America Street),Southwark,Central
CSHCY076,Southwark Bridge Road (north - between Flat Iron Square and America Street),Southwark,Central
CENCY129,Golden Lane,Islington,Inner
QWPCY058,Rosendale Road,Lambeth,Central
CENCY200,Marshalsea Road,Southwark,Central
OUTCY377,Hilly Fields Park,Enfield,Outer
CENCY086,Upper Thames Street (west of Southwark Bridge),City of London,Central
CSHCY115,Upper Thames Street (west of Southwark Bridge),City of London,Central
CENCY107,Beech Street,City of London,Central
CGRCY097,Beech Street,City of London,Central
INNCY232,Riversdale Road,Islington,Inner
CENCY003,Southwark Bridge,Southwark,Central
CSHCY077,Southwark Bridge,Southwark,Central
INNCY573,Norwood Park,Lambeth,Central
INNCY559,Ruskin Park (Northway Road),Lambeth,Central
CGRCY092,Trinity Street,Southwark,Central
QWPCY005,Trinity Street,Southwark,Central
INNCY161,St. Paul's Road,Islington,Inner
CENCY130,Gresham Street,City of London,Central
CGRCY095,Gresham Street,City of London,Central
INNCY424,St. Paul Street,Islington,Inner
CENCY158,Wood Street,City of London,Central
CGRCY096,Wood Street,City of London,Central
CGRCY103,Shepherdess Walk,Hackney,Inner
INNCY184,Shepherdess Walk,Hackney,Inner
CENCY089,Old Street,Islington,Inner
CGRCY099,Old Street,Islington,Inner
MHPCY048,Riverside,Enfield,Outer
CENCY083,Borough High Street,Southwark,Central
QWPCY050,Rodney Place,Southwark,Central
INNCY151,Essex Road (Canonbury),Islington,Inner
OUTCY240,Katharine Street,Croydon,Outer
INNCY089,Walworth Road,Southwark,Central
QWPCY202,Addington way,Southwark,Central
CENCY084,Southwark Street,Southwark,Central
INNCY142,Green Lanes,Hackney,Inner
MHPCY047,Bush Hill,Enfield,Outer
INNCY548,Clissold Park,Hackney,Inner
CENCY091,London Wall (west),City of London,Central
CGRCY109,Bath Street,Islington,Inner
OUTCY044,Brighton Road,Croydon,Outer
QWPCY059,Rosendale Road South,Lambeth,Central
INNCY148,New North Road,Islington,Inner
CENCY032,Borough High Street,Southwark,Central
MHPCY041,Ridge Avenue,Enfield,Outer
QWPCY098,Bedford Park,Croydon,Outer
CENCY166,Trinity Street (east),Southwark,Central
QWPCY046,Trinity Street (east),Southwark,Central
CENCY100,Bunhill Row,Islington,Inner
CGRCY100,Bunhill Row,Islington,Inner
MHPCY046,Cecil Road,Enfield,Outer
INNCY478,De Crespigny Park,Southwark,Central
CGRCY145,Murray Grove,Hackney,Inner
QWPCY051,Portland Street,Southwark,Central
CENCY081,Great Dover Street,Southwark,Central
CENCY126,Prince's Street,City of London,Central
INNCY097,Denmark Hill,Lambeth,Central
CGRCY110,Chiswell Street,Islington,Inner
CENCY203,Upper Thames Street (east of Southwark Bridge),City of London,Central
CSHCY116,Upper Thames Street (east of Southwark Bridge),City of London,Central
OUTCY406,Lordship Recreation Ground,Haringey,Outer
MHPCY066,Church Street,Enfield,Outer
INNCY567,Dulwich sports ground,Southwark,Central
QWPCY056,Turney Road,Southwark,Central
CENCY048,Moorgate,City of London,Central
INNCY005,Seven Sisters Road,Haringey,Outer
CSHCY050,Camberwell Church Street,Southwark,Central
QWPCY052,Edmund Street,Southwark,Central
INNCY214,Stoke Newington Church Street,Hackney,Inner
QWPCY095,The Crescent,Croydon,Outer
INNCY273,Northchurch Road,Islington,Inner
OUTCY123,Sanderstead Road,Croydon,Outer
CENCY053,City Road,Islington,Inner
CENCY031,London Bridge,City of London,Central
CSHCY046,London Bridge,City of London,Central
QWPCY099,Sydenham Road,Croydon,Outer
MHPCY045,London Road (north),Enfield,Outer
INNCY091,South Croxted Road,Southwark,Central
OUTCY324,Purley Oaks Road,Croydon,Outer
CGRCY168,Eldon Street,City of London,Central
MHPCY043,London Road,Enfield,Outer
INNCY198,Albion Road,Hackney,Inner
CENCY039,Gracechurch Street,City of London,Central
QWPCY054,Green Dale,Southwark,Central
INNCY222,Gipsy Road,Lambeth,Central
INNCY197,Southgate Road,Hackney,Inner
MHPCY044,Genotin Road,Enfield,Outer
CENCY133,Old Broad Street,City of London,Central
CGRCY167,Old Broad Street,City of London,Central
CENCY153,Weston Street,Southwark,Central
CENCY179,Threadneedle Street,City of London,Central
QWPCY031,Northchurch Road,Hackney,Inner
CGRCY116,Weston Street,Southwark,Central
CENCY127,Paul Street,Islington,Inner
CSHCY012,Paul Street,Islington,Inner
CENCY092,London Wall (east),City of London,Central
CGRCY117,Law Street / Rothsay Street,Southwark,Central
QWPCY006,Law Street / Rothsay Street,Southwark,Central
MHPCY049,Bury Street,Enfield,Outer
CENCY111,Eastcheap,City of London,Central
MHPCY042,Village Road,Enfield,Outer
INNCY149,Balls Pond Road,Hackney,Inner
CENCY082,Long Lane,Southwark,Central
CENCY005,Tooley Street,Southwark,Central
CSHCY045,Tooley Street,Southwark,Central
CSHCY006,Heathland Road,Hackney,Inner
CSHCY011,Pitfield Street,Hackney,Inner
INNCY566,Burgess Park,Southwark,Central
QWPCY201,Burgess Park,Southwark,Central
INNCY440,St. John's Road,Haringey,Outer
INNCY083,East Dulwich Road,Southwark,Central
OUTCY307,Chester Road,Haringey,Outer
CGRCY146,Crondall Street,Hackney,Inner
INNCY297,McNeil Road,Southwark,Central
CENCY087,Lower Thames Street,City of London,Central
CSHCY117,Lower Thames Street,City of London,Central
CENCY159,Lime Street,City of London,Central
MHPCY067,Southbury Road (west),Enfield,Outer
CENCY157,Appold Street,Hackney,Inner
CGRCY111,Appold Street,Hackney,Inner
CENCY122,Leadenhall Street,City of London,Central
QWPCY053,Camberwell Grove,Southwark,Central
CSHCY007,Bouverie Road,Hackney,Inner
CSHCY133,De Beauvoir Road,Hackney,Inner
CGRCY107,Old Street,Hackney,Inner
INNCY243,Englefield Road,Hackney,Inner
QWPCY057,College Road,Southwark,Central
QWPCY062,Alleyn Park,Southwark,Central
CGRCY104,Hoxton Street,Hackney,Inner
INNCY285,Vartry Road,Haringey,Outer
CSHCY010,De Beauvoir Road,Hackney,Inner
MHPCY050,Salmon's Brook,Enfield,Outer
CSHCY008,Wordworth Road,Hackney,Inner
INNCY170,Stoke Newington Church Street,Hackney,Inner
CENCY033,Bermondsey Street,Southwark,Central
CGRCY147,Hoxton Street,Hackney,Inner
QWPCY055,Calton Avenue,Southwark,Central
INNCY466,Edgar Kail Way,Southwark,Central
CSHCY009,Kingsbury Road,Islington,Inner
CENCY097,Crucifix Lane (Druid Street),Southwark,Central
QWPCY061,College Road (south),Southwark,Central
CSHCY002,Napier Road,Haringey,Outer
INNCY430,Tottenham Road,Hackney,Inner
CGRCY115,Tanner Street,Southwark,Central
CENCY002,Bishopsgate,City of London,Central
INNCY153,Amhurst Park,Hackney,Inner
CENCY095,Bevis Marks,City of London,Central
CSHCY003,Beaconsfield Road,Haringey,Outer
INNCY469,Bowen Drive,Southwark,Central
CENCY201,Tooley Street (east),Southwark,Central
CSHCY044,Tooley Street (east),Southwark,Central
INNCY175,Southampton Way,Southwark,Central
CGRCY114,Crutched Friars,City of London,Central
CENCY094,Houndsditch,City of London,Central
CSHCY005,Holmdale Terrace,Haringey,Outer
QWPCY007,Willow Walk,Southwark,Central
CENCY194,Trinity Square,City of London,Central
CSHCY131,Philip Lane,Haringey,Outer
QWPCY060,Dulwich Wood,Southwark,Central
INNCY135,Kingsland Road,Hackney,Inner
CSHCY004,Seven Sisters Road,Haringey,Outer
CGRCY119,Middlesex Street,City of London,Central
OUTCY181,Willow Road,Enfield,Outer
CNDCY004,Fotheringham Road,Enfield,Outer
CENCY155,Jewry Street,City of London,Central
CGRCY113,Jewry Street,City of London,Central
INNCY359,Avondale Rise,Southwark,Central
INNCY081,Stoke Newington Road,Hackney,Inner
INNCY439,Pearson Street,Hackney,Inner
CSHCY001,Church Road,Haringey,Outer
QWPCY164,Tanner Street,Southwark,Central
CGRCY106,Hackney Road,Hackney,Inner
INNCY195,Manor Road,Hackney,Inner
CENCY165,Brushfield Street,Tower Hamlets,Inner
OUTCY308,Chalfont Road,Enfield,Outer
OUTCY057,Godstone Road,Croydon,Outer
OUTCY218,Harrow Drive,Enfield,Outer
CENCY050,Aldgate High Street,City of London,Central
CGRCY112,Aldgate High Street,City of London,Central
OUTCY165,Bridport Road,Enfield,Outer
INNCY132,Stamford Hill,Hackney,Inner
CSHCY132,Seven Sisters station,Haringey,Outer
INNCY298,Dulwich Park (Court Lane Gate),Southwark,Central
CFRCY005,Sandringham Road,Hackney,Inner
CENCY038,Minories,City of London,Central
INNCY098,Lordship Lane,Southwark,Central
OUTCY231,Grant Road,Croydon,Outer
INNCY136,Commercial Street,Tower Hamlets,Inner
INNCY010,Tower Bridge,Tower Hamlets,Inner
OUTCY303,King Street,Haringey,Outer
QWPCY063,College Road Sydenham Hill,Southwark,Central
INNCY171,Columbia Road,Tower Hamlets,Inner
INNCY449,St. George's Way,Southwark,Central
OUTCY009,High Road,Haringey,Outer
CGRCY148,Dunloe Street,Hackney,Inner
CSHCY043,Jamaica Road (west),Southwark,Central
QWPCY148,Jamaica Road (west),Southwark,Central
QWPCY229,Sumner Road,Southwark,Central
MHPCY068,Southbury Road (mid),Enfield,Outer
QWPCY008,Oxley Close,Southwark,Central
CGRCY055,Whiston Road,Hackney,Inner
MHPCY051,Latymer Road,Enfield,Outer
CSHCY017,Whitechapel High Street,Tower Hamlets,Inner
INNCY183,Queensbridge Road,Hackney,Inner
INNCY565,Surrey Canal path,Southwark,Central
CGRCY151,Queensbridge Road (2),Hackney,Inner
CGRCY150,Queensbridge Road (1),Hackney,Inner
QWPCY281,Barry Road,Southwark,Central
CGRCY152,Queensbridge Road (3),Hackney,Inner
QWPCY228,Cooper's Road ,Southwark,Central
INNCY441,Kyverdale Road,Hackney,Inner
CSHCY031,Royal Mint Street,Tower Hamlets,Inner
INNCY026,Old Kent Road,Southwark,Central
OUTCY211,Park Lane,Haringey,Outer
INNCY410,Lenthall Road,Hackney,Inner
INNCY164,Dalston Lane,Hackney,Inner
INNCY278,Wolseley Street,Southwark,Central
QWPCY149,Wolseley Street,Southwark,Central
QWPCY230,Jocelyn Street,Southwark,Central
INNCY301,Bellenden Road,Southwark,Central
INNCY447,Bird in Bush Road,Southwark,Central
INNCY221,Sydenham Hill,Southwark,Central
INNCY276,Hanbury Street,Tower Hamlets,Inner
INNCY351,Lynton Road,Southwark,Central
INNCY356,Crystal Palace Road,Southwark,Central
CSHCY049,Peckham High Street,Southwark,Central
INNCY340,Craven Park Road,Haringey,Outer
INNCY339,Downs Road,Hackney,Inner
INNCY303,Spa Road,Southwark,Central
INNCY543,Haggerston Park,Hackney,Inner
INNCY174,Rolls Road,Southwark,Central
QWPCY030,Middleton Road,Hackney,Inner
MHPCY052,Bedevere Road,Enfield,Outer
MHPCY056,Fore Street,Enfield,Outer
CGRCY132,Plumbers Row,Tower Hamlets,Inner
INNCY216,Plumbers Row,Tower Hamlets,Inner
INNCY145,Bethnal Green Road,Tower Hamlets,Inner
CGRCY129,Black Church Lane,Tower Hamlets,Inner
CGRCY149,Audrey Street,Hackney,Inner
INNCY282,Ottaway Street,Hackney,Inner
CFRCY004,Downs Park Road,Hackney,Inner
INNCY454,Upland Road,Southwark,Central
OUTCY168,Croham Valley Road,Croydon,Outer
QWPCY235,Rye Lane,Southwark,Central
QWPCY282,Friern Road,Southwark,Central
INNCY536,Hackney Downs,Hackney,Inner
CGRCY130,Henriques Street,Tower Hamlets,Inner
INNCY094,Dulwich Common,Southwark,Central
CGRCY131,Greenfield Road,Tower Hamlets,Inner
INNCY234,St. James's Road,Southwark,Central
INNCY446,Nigel Road,Southwark,Central
CGRCY105,Goldsmith's Row,Hackney,Inner
CSHCY030,Cable Street (west),Tower Hamlets,Inner
INNCY432,Rendlesham Road,Hackney,Inner
INNCY443,Marmont Road,Southwark,Central
INNCY185,Dunbridge Street,Tower Hamlets,Inner
INNCY020,Peckham Rye,Southwark,Central
CSHCY042,Jamaica Road,Southwark,Central
QWPCY151,Bermondsey Wall East,Southwark,Central
INNCY405,Mansford Street,Tower Hamlets,Inner
OUTCY187,Birchanger Road,Croydon,Outer
QWPCY231,Peckham Rye,Southwark,Central
OUTCY326,Denmark Road,Croydon,Outer
INNCY137,Upper Clapton Road,Hackney,Inner
OUTCY302,Stockton Road,Enfield,Outer
OUTCY072,Anerley Road,Bromley,Outer
INNCY564,Peckham Rye Park,Southwark,Central
MHPCY072,Hertford Road (near bus station),Enfield,Outer
INNCY009,Hackney Road,Tower Hamlets,Inner
INNCY550,Lea Rowing Club,Hackney,Inner
INNCY219,Peckham Rye,Southwark,Central
INNCY476,Longton Avenue,Lewisham,Inner
INNCY143,Graham Road,Hackney,Inner
INNCY173,Cannon Street,Tower Hamlets,Inner
INNCY426,Turner Street,Tower Hamlets,Inner
INNCY474,Verney Road,Southwark,Central
CNDCY005,Lincoln Road,Enfield,Outer
INNCY286,Downs Park Road,Hackney,Inner
INNCY156,Pembury Road,Hackney,Inner
INNCY434,Mount Pleasant Lane,Hackney,Inner
CSHCY016,Whitechapel Road East,Tower Hamlets,Inner
INNCY144,The Highway,Tower Hamlets,Inner
OUTCY393,Ferry Lane towpath,Haringey,Outer
INNCY294,Crystal Palace Park (Sydenham),Bromley,Outer
CFRCY003,Downs Road,Hackney,Inner
INNCY025,London Road,Lewisham,Inner
INNCY292,Brayards Road,Southwark,Central
MHPCY053,Off-road near Montagu Road,Enfield,Outer
INNCY429,Reardon Street,Tower Hamlets,Inner
INNCY557,Ornamental Canal,Tower Hamlets,Inner
MHPCY069,Southbury Road (east),Enfield,Outer
INNCY233,Wapping Lane,Tower Hamlets,Inner
INNCY533,Thames Path (Fulford Street),Southwark,Central
QWPCY147,Thames Path (Fulford Street),Southwark,Central
INNCY345,Southwold Road,Hackney,Inner
MHPCY057,Hertford Road (south),Enfield,Outer
INNCY160,Lower Clapton Road,Hackney,Inner
INNCY433,Ellingfort Road,Hackney,Inner
CNDCY003,Swaythling Close (path through park),Enfield,Outer
INNCY082,Cambridge Heath Road,Tower Hamlets,Inner
CSHCY048,Queens Road,Southwark,Central
INNCY247,Lawrie Park Road,Bromley,Outer
INNCY236,Asylum Road,Southwark,Central
INNCY438,Watney Street,Tower Hamlets,Inner
INNCY163,Mare Street,Hackney,Inner
INNCY162,Cambridge Heath Road,Tower Hamlets,Inner
QWPCY112,Cambridge Heath Road,Tower Hamlets,Inner
OUTCY301,Tyberry Road,Enfield,Outer
INNCY100,Kirkdale,Lewisham,Inner
INNCY450,Springfield Road,Bromley,Outer
INNCY141,Commercial Road,Tower Hamlets,Inner
INNCY155,Victoria Park Road,Hackney,Inner
OUTCY415,Harrington Road,Croydon,Outer
INNCY023,Rotherhithe New Road,Southwark,Central
QWPCY111,Cephas Street,Tower Hamlets,Inner
CFRCY002,Lea Bridge Road,Hackney,Inner
INNCY213,Wapping High Street,Tower Hamlets,Inner
INNCY546,North Millfields Recreation Ground,Hackney,Inner
QWPCY113,Cycle path (Bermondsey station - MVF),Southwark,Central
MHPCY054,Meridian Way,Enfield,Outer
QWPCY025,Lea Valley Walk (Hackney side),Hackney,Inner
INNCY342,Malcolm Road,Tower Hamlets,Inner
CGRCY127,Sutton Street,Tower Hamlets,Inner
INNCY475,Clifton Way,Southwark,Central
INNCY418,Shore Place,Hackney,Inner
CGRCY133,Jubilee Street (1),Tower Hamlets,Inner
CGRCY128,Jubille Street (2),Tower Hamlets,Inner
INNCY008,Well Street,Hackney,Inner
MHPCY059,High Street (north),Enfield,Outer
QWPCY165,Rotherhithe Street,Southwark,Central
INNCY463,Thorpewood Avenue,Lewisham,Inner
CSHCY015,Mile End Road (west),Tower Hamlets,Inner
QWPCY009,Ilderton Road (South Bermondsey),Southwark,Central
CFRCY006,Frampton Park Road,Hackney,Inner
INNCY448,Ansdell Road,Southwark,Central
INNCY013,Old Kent Road (New Cross Gate),Lewisham,Inner
QWPCY029,Chatham Place,Hackney,Inner
MHPCY058,High Street (south - park entrance),Enfield,Outer
CSHCY029,Cable Street (east),Tower Hamlets,Inner
OUTCY014,Long Lane,Croydon,Outer
QWPCY023,Coppermill Lane Waterside,Waltham Forest,Outer
INNCY350,Spring Hill,Lewisham,Inner
QWPCY028,Powerscroft Road,Hackney,Inner
MHPCY060,Hertford Road (mid),Enfield,Outer
CSHCY041,Lower Road,Southwark,Central
INNCY096,Lausanne Road,Lewisham,Inner
INNCY411,Cresset Road,Hackney,Inner
INNCY562,Southwark Park,Southwark,Central
INNCY547,Victoria Park (Bonner Hall bridge),Tower Hamlets,Inner
QWPCY150,Swan Road,Southwark,Central
MHPCY055,Leeside Road,Haringey,Outer
CGRCY166,Colebert Avenue,Tower Hamlets,Inner
INNCY186,Globe Road,Tower Hamlets,Inner
QWPCY287,Chatsworth Road,Hackney,Inner
INNCY554,Leyton Marshes,Waltham Forest,Outer
INNCY152,Rotherhithe Tunnel,Southwark,Central
INNCY442,Aylward Street,Tower Hamlets,Inner
QWPCY114,Flyover at Senegal Road (MVF cycle path),Lewisham,Inner
MHPCY009,Forest Road (4 - by Blackhorse Road station),Waltham Forest,Outer
OUTCY420,Ashburton Playing Fields,Croydon,Outer
QWPCY110,Bancroft Road railway bridge,Tower Hamlets,Inner
INNCY435,Alderney Road,Tower Hamlets,Inner
QWPCY027,South Millfields Park,Hackney,Inner
INNCY002,Lea Bridge Road,Waltham Forest,Outer
OUTCY005,Nags Head Road,Enfield,Outer
CNDCY006,South Street,Enfield,Outer
QWPCY024,Leyton Marshes,Waltham Forest,Outer
CSHCY047,Queen's Road (east),Lewisham,Inner
INNCY215,Lauriston Road,Hackney,Inner
INNCY553,Adelphi Court,Southwark,Central
MHPCY070,Nags Head Road,Enfield,Outer
CFRCY020,Redriff Road,Southwark,Central
INNCY283,Lagado Mews,Southwark,Central
INNCY217,Surrey Quays Road,Southwark,Central
OUTCY233,Ashen Vale,Croydon,Outer
QWPCY236,Brass Talley Alley,Southwark,Central
INNCY146,Homerton High Street,Hackney,Inner
MHPCY061,Hertford Road (north),Enfield,Outer
OUTCY119,Blackhorse Lane,Waltham Forest,Outer
INNCY412,Barnabas Road,Hackney,Inner
QWPCY010,Canal Road,Lewisham,Inner
INNCY409,Surrey Water Road,Southwark,Central
INNCY344,Glyn Road,Hackney,Inner
CFRCY007,Grove Road (Victoria Park),Tower Hamlets,Inner
INNCY551,Well Street Common,Hackney,Inner
INNCY595,Brenchley Gardens,Southwark,Central
QWPCY022,Coopermill Lane,Waltham Forest,Outer
MHPCY035,Lea Bridge Road (west),Waltham Forest,Outer
CSHCY014,Mile End Road (east),Tower Hamlets,Inner
INNCY532,Hertford Union Canal,Tower Hamlets,Inner
OUTCY405,Durants Park,Enfield,Outer
INNCY001,Grove Road,Tower Hamlets,Inner
QWPCY232,Brockley Way,Lewisham,Inner
QWPCY071,Meath Gardens,Tower Hamlets,Inner
QWPCY026,Hackney Marsh,Hackney,Inner
QWPCY241,Station approach (Beckenham),Bromley,Outer
CSHCY040,Evelyn Street North,Lewisham,Inner
CFRCY008,Grove Road (north of Thoydon Rd),Tower Hamlets,Inner
INNCY423,Barnes Street,Tower Hamlets,Inner
MHPCY010,Blackhorse Road,Waltham Forest,Outer
INNCY188,Sanford Street,Lewisham,Inner
QWPCY237,Russia Dock Woodland,Southwark,Central
INNCY460,Scawen Road,Lewisham,Inner
INNCY277,Hassett Road,Hackney,Inner
INNCY417,Aston Street,Tower Hamlets,Inner
OUTCY327,Linton Glade,Croydon,Outer
CSHCY028,Narrow Street,Tower Hamlets,Inner
OUTCY398,Albany Park,Enfield,Outer
QWPCY240,Gosterwood Street,Lewisham,Inner
QWPCY126,Mission Grove,Waltham Forest,Outer
OUTCY323,Balmoral Avenue,Bromley,Outer
INNCY569,Woodpecker Road,Lewisham,Inner
INNCY544,Limehouse towpath,Tower Hamlets,Inner
INNCY419,Lyal Road,Tower Hamlets,Inner
OUTCY390,River Lee Ponders End,Enfield,Outer
QWPCY242,Pool riverside path,Bromley,Outer
INNCY545,Bonding Yard Walk,Southwark,Central
INNCY140,Victoria Park Road,Hackney,Inner
CSHCY057,Fordham Park,Lewisham,Inner
OUTCY425,Cator Park,Bromley,Outer
INNCY549,Mile End Park (south),Tower Hamlets,Inner
CFRCY019,Salter Road,Southwark,Central
OUTCY417,Yew Tree Way,Croydon,Outer
MHPCY008,Forest Road (3),Waltham Forest,Outer
CFRCY009,Burdett Road (south of Hamlets Way),Tower Hamlets,Inner
INNCY201,Brockley Road,Lewisham,Inner
QWPCY072,St. Stephens Road,Tower Hamlets,Inner
INNCY280,Rotherhithe Street,Southwark,Central
QWPCY074,Lichfield Road,Tower Hamlets,Inner
MHPCY001,Lea Bridge Road (1),Waltham Forest,Outer
MHPCY071,Lea Valley Road,Enfield,Outer
MHPCY011,Markhouse Road,Waltham Forest,Outer
QWPCY238,Rope Street,Southwark,Central
QWPCY069,Victoria Park,Tower Hamlets,Inner
QWPCY011,Childers Street,Lewisham,Inner
QWPCY125,Saxton Road,Tower Hamlets,Inner
INNCY534,Hackney Cut,Hackney,Inner
INNCY535,Hamlets Way,Tower Hamlets,Inner
OUTCY319,Williams Avenue,Waltham Forest,Outer
INNCY279,Newell Street,Tower Hamlets,Inner
CSHCY058,Amersham Vale,Lewisham,Inner
OUTCY339,Blythe Hill Lane,Lewisham,Inner
QWPCY243,Kangley Bridge Road,Lewisham,Inner
QWPCY233,Ewhurst Road,Lewisham,Inner
QWPCY070,Parnell Road,Tower Hamlets,Inner
MHPCY031,Selborne Road,Waltham Forest,Outer
QWPCY019,Selborne Road,Waltham Forest,Outer
QWPCY068,A12 crossing (Cadogan Close),Tower Hamlets,Inner
QWPCY239,Foreshore,Lewisham,Inner
INNCY421,Gill Street,Tower Hamlets,Inner
OUTCY020,Kent Gate Way,Croydon,Outer
OUTCY007,Walthamstow Avenue (North Circular Road),Waltham Forest,Outer
CNDCY002,Markhouse Road,Waltham Forest,Outer
INNCY530,Hackney Marsh (east),Hackney,Inner
QWPCY073,Hewison Street,Tower Hamlets,Inner
INNCY414,Thomas Road,Tower Hamlets,Inner
CFRCY010,Burdett Road (south of Limehouse Cut),Tower Hamlets,Inner
INNCY003,Burdett Road (south of Limehouse Cut),Tower Hamlets,Inner
INNCY461,Edward Place,Lewisham,Inner
INNCY455,Montague Avenue,Lewisham,Inner
CSHCY013,Bow Road,Tower Hamlets,Inner
INNCY537,Thames Path (Westferry Circus),Tower Hamlets,Inner
CFRCY011,West India Dock Road,Tower Hamlets,Inner
CSHCY059,Margaret Macmillan Park,Lewisham,Inner
INNCY220,Wickham Road,Lewisham,Inner
CSHCY039,Evelyn Street South,Lewisham,Inner
QWPCY244,Pool river path,Lewisham,Inner
INNCY014,New Cross Road,Lewisham,Inner
INNCY293,Breakspears Road,Lewisham,Inner
OUTCY395,Lloyd Park,Waltham Forest,Outer
QWPCY012,Deptford High Street,Lewisham,Inner
QWPCY234,Ladywell Fields,Lewisham,Inner
OUTCY402,River Lee Ordnance Road,Enfield,Outer
MHPCY012,Church Road (1),Waltham Forest,Outer
INNCY011,Westferry Road,Tower Hamlets,Inner
OUTCY144,Lodge Lane,Croydon,Outer
QWPCY245,Riverview Walk,Lewisham,Inner
OUTCY313,Leadale Avenue,Waltham Forest,Outer
CSHCY060,Albyn Road,Lewisham,Inner
MHPCY019,Hoe Street (north),Waltham Forest,Outer
INNCY473,Dockers Tanner Road,Tower Hamlets,Inner
QWPCY246,Ravensbourne river bridge,Lewisham,Inner
INNCY338,Spanby Road,Tower Hamlets,Inner
INNCY571,Hilly Fields Park,Lewisham,Inner
INNCY245,Waterden Road,Hackney,Inner
CSHCY027,Ming Street,Tower Hamlets,Inner
OUTCY146,Monks Orchard Road,Croydon,Outer
MHPCY021,Chingford Road (north),Waltham Forest,Outer
INNCY552,Limehouse Cut,Tower Hamlets,Inner
MHPCY002,Lea Bridge Road (2),Waltham Forest,Outer
INNCY592,Bow Common Lane (bridge over Limehouse Cut),Tower Hamlets,Inner
INNCY092,Lewisham Way,Lewisham,Inner
MHPCY037,St. Mary Road,Waltham Forest,Outer
MHPCY018,Hoe Street (south),Waltham Forest,Outer
INNCY563,Brookmill Park,Lewisham,Inner
INNCY211,Campbell Road,Tower Hamlets,Inner
INNCY287,Mastmaker Road,Tower Hamlets,Inner
INNCY556,Queen Elizabeth Park (Greenway),Newham,Inner
QWPCY143,Queen Elizabeth Park (Greenway),Newham,Inner
MHPCY020,Chingford Road,Waltham Forest,Outer
INNCY445,Shell Road,Lewisham,Inner
OUTCY140,Orient Way,Waltham Forest,Outer
OUTCY311,Primrose Road,Waltham Forest,Outer
MHPCY106,Grange Park Road,Waltham Forest,Outer
OUTCY221,Orford Road,Waltham Forest,Outer
OUTCY330,Overdown Road,Lewisham,Inner
INNCY452,Glaisher Street,Greenwich,Inner
QWPCY016,Deptford Creek Bridge,Lewisham,Inner
INNCY413,Duff Street,Tower Hamlets,Inner
MHPCY036,Ruckhold Road (south),Waltham Forest,Outer
QWPCY138,Thames Path (Wood Wharf Bridge),Greenwich,Inner
CSHCY026,Poplar High Street,Tower Hamlets,Inner
QWPCY247,Algernon Road,Lewisham,Inner
INNCY539,Pepper Street,Tower Hamlets,Inner
CSHCY038,Creek Road,Greenwich,Inner
MHPCY014,Church Road (2),Waltham Forest,Outer
INNCY288,Kerbey Street,Tower Hamlets,Inner
OUTCY421,Ladywell Fields,Lewisham,Inner
QWPCY249,Colbath Street,Greenwich,Inner
CSHCY061,Thurston Road,Lewisham,Inner
MHPCY007,Forest Road (2),Waltham Forest,Outer
INNCY246,Marsh Wall,Tower Hamlets,Inner
INNCY300,Elmira Street,Lewisham,Inner
MHPCY107,Temple Mills Lane,Waltham Forest,Outer
MHPCY022,New Road,Waltham Forest,Outer
INNCY560,Crossharbour underpass,Tower Hamlets,Inner
MHPCY015,Ruckholt Road (north),Waltham Forest,Outer
INNCY274,Churchill Place,Tower Hamlets,Inner
QWPCY251,Tarves Way,Greenwich,Inner
INNCY425,Zetland Street,Tower Hamlets,Inner
OUTCY149,Bellingham Road,Lewisham,Inner
OUTCY122,Wickham Road,Bromley,Outer
QWPCY248,Elmira Street,Lewisham,Inner
MHPCY016,Leyton High Road (south),Waltham Forest,Outer
INNCY150,East India Dock Road,Tower Hamlets,Inner
MHPCY003,Lea Bridge Road (3),Waltham Forest,Outer
OUTCY001,High Road Leyton,Waltham Forest,Outer
MHPCY030,Church Lane,Waltham Forest,Outer
QWPCY160,Straightsmouth,Greenwich,Inner
QWPCY067,East Village,Newham,Inner
MHPCY017,Leyton High Road (north),Waltham Forest,Outer
INNCY568,Island Gardens (Millwall Park),Tower Hamlets,Inner
OUTCY183,Shernhall Street,Waltham Forest,Outer
QWPCY250,Blisset Street,Greenwich,Inner
MHPCY013,High Road,Waltham Forest,Outer
OUTCY228,Brangbourne Road,Lewisham,Inner
OUTCY260,Woodland Avenue,Bromley,Outer
INNCY281,Three Mill Lane,Tower Hamlets,Inner
OUTCY312,Epsom Road,Waltham Forest,Outer
OUTCY388,Organ Lane,Waltham Forest,Outer
OUTCY015,Lewisham High Street,Lewisham,Inner
MHPCY108,Francis Road,Waltham Forest,Outer
OUTCY111,Hyde Vale,Greenwich,Inner
QWPCY161,Hyde Vale,Greenwich,Inner
OUTCY071,Bromley Road,Lewisham,Inner
OUTCY322,Davenport Road,Lewisham,Inner
INNCY542,Three Mills Green,Newham,Inner
CSHCY018,Stratford High Street,Newham,Inner
CSHCY134,Thames Path (University of Greenwich),Greenwich,Inner
QWPCY139,Thames Path (University of Greenwich),Greenwich,Inner
MHPCY033,Hainault Road,Waltham Forest,Outer
OUTCY095,Wood Street,Waltham Forest,Outer
MHPCY109,Langthorne Road (bridge over A12),Waltham Forest,Outer
MHPCY110,Leslie Road,Waltham Forest,Outer
OUTCY212,Twickenham Road,Waltham Forest,Outer
OUTCY096,Larkshall Road,Waltham Forest,Outer
QWPCY159,The Avenue,Greenwich,Inner
MHPCY029,Beech Hall Road,Waltham Forest,Outer
MHPCY032,Essex Road,Waltham Forest,Outer
MHPCY004,Lea Bridge Road (near Whipps Cross),Waltham Forest,Outer
CSHCY025,Naval Row,Tower Hamlets,Inner
MHPCY006,Forest Road (1),Waltham Forest,Outer
MHPCY023,Larkshall Road,Waltham Forest,Outer
OUTCY334,Dowanhill Road,Lewisham,Inner
MHPCY024,Kings Road,Waltham Forest,Outer
QWPCY145,Greenway (Lee Vally Regional Park),Newham,Inner
OUTCY413,Crane Street,Greenwich,Inner
MHPCY028,The Avenue,Waltham Forest,Outer
CSHCY019,Broadway,Newham,Inner
MHPCY025,Station Road,Waltham Forest,Outer
OUTCY318,Chadwick Avenue,Waltham Forest,Outer
OUTCY170,Layhams Road,Bromley,Outer
CSHCY037,Trafalgar Road,Greenwich,Inner
CSHCY024,Barking Road,Tower Hamlets,Inner
MHPCY034,Fairlop Road,Waltham Forest,Outer
INNCY540,Bow Creek,Tower Hamlets,Inner
MHPCY005,Woodford New Road,Waltham Forest,Outer
OUTCY321,Woodland Crescent,Greenwich,Inner
MHPCY027,Friday Hill,Waltham Forest,Outer
MHPCY026,Beresford Road,Waltham Forest,Outer
CNDCY001,Woodford New Road,Waltham Forest,Outer
OUTCY338,Park Hill Road,Bromley,Outer
OUTCY137,Leytonstone Road,Newham,Inner
OUTCY422,Duke Humphrey Road,Lewisham,Inner
QWPCY158,Duke Humphrey Road,Lewisham,Inner
OUTCY391,Greenway (Manor Road),Newham,Inner
QWPCY142,Greenway (Manor Road),Newham,Inner
OUTCY399,Epping Forest,Waltham Forest,Outer
QWPCY166,Mauritius Road,Greenwich,Inner
OUTCY189,Verdant Lane,Lewisham,Inner
CSHCY036,Woolwich Road (Blackwall approach),Greenwich,Inner
QWPCY140,Blackwall Tunnel overbridge,Greenwich,Inner
QWPCY136,Thames Path (Greenwich Peninsula),Greenwich,Inner
QWPCY066,Cemetery Road,Newham,Inner
OUTCY006,Romford Road,Newham,Inner
OUTCY141,Cann Hall Road,Waltham Forest,Outer
OUTCY073,Burnt Ash Hill,Lewisham,Inner
OUTCY222,Southern Way,Greenwich,Inner
QWPCY137,Southern Way,Greenwich,Inner
OUTCY121,Prince of Wales Road,Lewisham,Inner
OUTCY223,Durham Road,Bromley,Outer
OUTCY320,Bressey Grove,Redbridge,Outer
OUTCY295,Munday Road,Newham,Inner
OUTCY419,Thames Path (Greenwich Yacht Club),Greenwich,Inner
QWPCY135,Thames Path (Greenwich Yacht Club),Greenwich,Inner
OUTCY002,High Road Woodford Green,Redbridge,Outer
CSHCY023,Newham Way West,Newham,Inner
QWPCY157,Kidbrooke Gardens,Greenwich,Inner
OUTCY067,Stopford Lane,Newham,Inner
OUTCY229,High Street Bromley,Bromley,Outer
QWPCY266,Weigall Road,Greenwich,Inner
OUTCY403,Excel Marina,Newham,Inner
QWPCY144,Greenway (at Balham Street),Newham,Inner
CSHCY035,Woolwich Road (Westcombe Park),Greenwich,Inner
QWPCY065,Wanstead Flats,Redbridge,Outer
OUTCY227,Alnwick Road,Greenwich,Inner
OUTCY309,Wanlip Road,Newham,Inner
OUTCY305,Godwin Road,Newham,Inner
OUTCY257,Victoria Road,Redbridge,Outer
OUTCY368,Senlac Road,Lewisham,Inner
QWPCY146,Greenway (at Prince Regent Street),Newham,Inner
OUTCY190,Plaistow Lane,Bromley,Outer
QWPCY134,Thames Path (Ancorage Point Ind Estate),Greenwich,Inner
OUTCY387,Park Road,Redbridge,Outer
QWPCY162,Rochester Way (local street),Greenwich,Inner
OUTCY018,Masons Hill,Bromley,Outer
OUTCY139,Hillside Avenue,Redbridge,Outer
QWPCY156,Kidbrooke interchange (underpass),Greenwich,Inner
OUTCY412,Chinbrook Meadows,Bromley,Outer
OUTCY186,Charlton Church Lane,Greenwich,Inner
OUTCY145,Oaklands Lane,Bromley,Outer
CSHCY034,Woolwich Road (New Charlton),Greenwich,Inner
QWPCY064,Capel Road,Newham,Inner
OUTCY097,Heathfield Road,Bromley,Outer
OUTCY331,The Glade,Greenwich,Inner
QWPCY265,Birdbrook Road,Greenwich,Inner
OUTCY329,Riddons Road,Lewisham,Inner
OUTCY070,Croydon Road,Bromley,Outer
OUTCY076,Shooters Hill Road,Greenwich,Inner
OUTCY226,Charlton Lane,Greenwich,Inner
OUTCY136,Redbridge Lane,Redbridge,Outer
CSHCY022,Newham Way Mid,Newham,Inner
QWPCY141,Greenway (North Beckton),Newham,Inner
QWPCY264,Kelbrook Road,Greenwich,Inner
OUTCY120,Katherine Road,Newham,Inner
QWPCY263,Corelli Road,Greenwich,Inner
QWPCY155,Edith Nesbit Walk,Greenwich,Inner
OUTCY411,Southborough Lane,Bromley,Outer
OUTCY107,Plashet Grove,Newham,Inner
OUTCY300,Oliver Gardens,Newham,Inner
QWPCY043,A406 crossing,Redbridge,Outer
OUTCY167,Southborough Road,Bromley,Outer
OUTCY416,Woolwich Common,Greenwich,Inner
QWPCY260,Antelope Road,Greenwich,Inner
QWPCY262,Stadium Road,Greenwich,Inner
OUTCY010,Barking Road,Newham,Inner
QWPCY133,Thames Path (Defiance Walk),Greenwich,Inner
OUTCY256,Keppel Road,Newham,Inner
CSHCY033,Woolwich Church Street,Greenwich,Inner
OUTCY109,Browning Road,Newham,Inner
OUTCY210,Flanders Road,Newham,Inner
OUTCY298,Altmore Avenue,Newham,Inner
OUTCY410,Alders Brook,Newham,Inner
QWPCY261,Repository Road,Greenwich,Inner
OUTCY013,Eltham High Street,Greenwich,Inner
OUTCY012,Woolwich Manor Way,Newham,Inner
OUTCY068,Cranbrook Road,Redbridge,Outer
OUTCY019,Woolwich Common,Greenwich,Inner
OUTCY164,Fulwell Avenue,Redbridge,Outer
CSHCY032,Woolwich High Street,Greenwich,Inner
OUTCY215,Stevenage Road,Newham,Inner
CSHCY021,Newham Way East,Newham,Inner
QWPCY132,Thames Path (Woolwich Ferry),Greenwich,Inner
CFRCY012,Riverdene Road,Redbridge,Outer
OUTCY216,York Road,Redbridge,Outer
QWPCY163,Glenesk Road,Greenwich,Inner
QWPCY267,Brookhill Road,Greenwich,Inner
OUTCY224,Anglesea Road,Greenwich,Inner
QWPCY021,Valentines Park,Redbridge,Outer
OUTCY075,Sidcup Road,Greenwich,Inner
OUTCY316,Beattyville Gardens,Redbridge,Outer
OUTCY409,Roding River path (Barking),Barking & Dagenham,Outer
OUTCY056,Chislehurst High Street,Bromley,Outer
CFRCY013,Uphall Road,Redbridge,Outer
QWPCY253,Highbridge Road,Barking & Dagenham,Outer
OUTCY314,Armada Way,Newham,Inner
OUTCY408,Valentines Park,Redbridge,Outer
OUTCY112,Prince Imperial Road,Bromley,Outer
QWPCY020,Ashurst Drive,Redbridge,Outer
QWPCY017,Waterloo Road,Redbridge,Outer
OUTCY335,Duke of Wellington Avenue,Greenwich,Inner
OUTCY150,Avery Hill Road,Greenwich,Inner
OUTCY055,Ilford Lane,Redbridge,Outer
OUTCY214,Quebec Road,Redbridge,Outer
QWPCY252,Jenkins Lane,Newham,Inner
OUTCY261,Shepperton Road,Bromley,Outer
QWPCY254,Ripple Road,Barking & Dagenham,Outer
QWPCY018,Sandringham Gardens,Redbridge,Outer
OUTCY262,Ermington Road,Bexley,Outer
CFRCY014,Wakering Road,Barking & Dagenham,Outer
OUTCY148,Rochester Way,Greenwich,Inner
QWPCY154,Riefield Road,Greenwich,Inner
QWPCY015,Fairlop Fields,Redbridge,Outer
OUTCY400,Becton Corridor,Newham,Inner
CSHCY020,Alfreds Way,Barking & Dagenham,Outer
QWPCY124,Barkingside (at Crown Road),Redbridge,Outer
CFRCY015,St. Awdry's Road,Barking & Dagenham,Outer
OUTCY341,Conway Road,Greenwich,Inner
OUTCY138,Cameron Road,Redbridge,Outer
OUTCY340,Willet Way,Bromley,Outer
CFRCY016,Sparsholt Road,Barking & Dagenham,Outer
QWPCY014,Clinton Crescent,Redbridge,Outer
OUTCY234,St. John's Road,Bromley,Outer
OUTCY166,Cudham Lane North,Bromley,Outer
OUTCY230,Ridgeway East,Bexley,Outer
OUTCY182,New North Road,Redbridge,Outer
CFRCY017,Charlton Crescent,Barking & Dagenham,Outer
OUTCY332,Glentrammon Road,Bromley,Outer
OUTCY220,Breamore Road,Redbridge,Outer
OUTCY299,Westrow Drive,Barking & Dagenham,Outer
OUTCY407,Mayesbrook Park,Barking & Dagenham,Outer
OUTCY058,Station Road,Bexley,Outer
OUTCY342,Manor Road,Bexley,Outer
CFRCY018,Thames Road (path to playing fields),Barking & Dagenham,Outer
OUTCY328,Amherst Drive,Bromley,Outer
OUTCY333,Mickleham Road,Bromley,Outer
OUTCY225,Burnell Avenue,Bexley,Outer
OUTCY297,Epstein Road,Greenwich,Inner
OUTCY397,Thames Path (Thamesmead),Greenwich,Inner
QWPCY131,Thames Path (Thamesmead),Greenwich,Inner
OUTCY191,Eynsham Drive,Greenwich,Inner
OUTCY016,Park View Road,Bexley,Outer
QWPCY153,Danson Park,Bexley,Outer
OUTCY017,Court Road (Orpington by-pass),Bromley,Outer
OUTCY147,Midfield Way,Bromley,Outer
OUTCY263,Cray Valley Road,Bromley,Outer
OUTCY310,Fuller Road,Barking & Dagenham,Outer
OUTCY404,Poplar Place cycle path,Greenwich,Inner
OUTCY258,Somerville Road,Redbridge,Outer
QWPCY130,Thameside Walk (Crossness lighthouse),Bexley,Outer
OUTCY219,Goresbrook Road,Barking & Dagenham,Outer
OUTCY423,Maylands Drive,Bexley,Outer
QWPCY152,Bean Road,Bexley,Outer
OUTCY336,Alsike Road,Bexley,Outer
OUTCY169,Chelsfield Lane,Bromley,Outer
OUTCY074,Woolwich Road,Bexley,Outer
OUTCY008,Romford Road,Redbridge,Outer
OUTCY098,Abbey Road,Bexley,Outer
OUTCY392,Parsloes Park,Barking & Dagenham,Outer
OUTCY317,Morley Road,Barking & Dagenham,Outer
OUTCY414,Bexley Park Wood,Bexley,Outer
OUTCY143,Belvedere Road,Bexley,Outer
OUTCY142,Oxlow Lane,Barking & Dagenham,Outer
OUTCY004,London Road,Havering,Outer
OUTCY003,Wood Lane,Barking & Dagenham,Outer
OUTCY296,Holgate Road,Barking & Dagenham,Outer
OUTCY424,Parsonage Manorway cycle path,Bexley,Outer
OUTCY213,Carter Drive,Havering,Outer
OUTCY188,Belmont Road,Bexley,Outer
OUTCY011,New Road,Havering,Outer
OUTCY232,Avenue Road,Bexley,Outer
OUTCY401,Central Park,Barking & Dagenham,Outer
OUTCY315,Mowbrays Road,Havering,Outer
OUTCY264,Old Manor Way,Bexley,Outer
OUTCY304,Lincoln Avenue,Barking & Dagenham,Outer
OUTCY106,Havering Road,Havering,Outer
OUTCY069,Dagenham Road,Havering,Outer
OUTCY259,Park End Road,Havering,Outer
OUTCY099,Crayford Way,Bexley,Outer
OUTCY418,Thames Path (Erith),Bexley,Outer
OUTCY337,Galloway Drive,Bexley,Outer
OUTCY396,Thames Path (Rainham),Havering,Outer
OUTCY389,Raphael Park,Havering,Outer
OUTCY108,Wennington Road,Havering,Outer
OUTCY325,Wallhouse Road,Bexley,Outer
OUTCY184,Upper Brentwood Road,Havering,Outer
OUTCY185,Hilldene Avenue,Havering,Outer
OUTCY173,Upminster Road North,Havering,Outer
OUTCY306,Camborne Avenue,Havering,Outer
OUTCY135,Gubbins Lane,Havering,Outer
OUTCY394,Dagnam Park,Havering,Outer
OUTCY217,Highview Gardens,Havering,Outer
OUTCY110,Ockendon Road,Havering,Outer
